id;artist;year;city;country;tour
33e0845d;Coldplay;2017;La Plata;Argentine;A Head Full of Dreams
63e08ec7;Coldplay;2017;La Plata;Argentine;A Head Full of Dreams
1be0a56c;Coldplay;2017;Porto Alegre;Brésil;A Head Full of Dreams
3e0b913;Coldplay;2017;São Paulo;Brésil;A Head Full of Dreams
2be34022;Coldplay;2017;São Paulo;Brésil;A Head Full of Dreams
6be392aa;Coldplay;2017;San Diego;Etats-Unis;A Head Full of Dreams
3be39cbc;Coldplay;2017;Pasadena;Etats-Unis;A Head Full of Dreams
3be3a8d4;Coldplay;2017;Santa Clara;Etats-Unis;A Head Full of Dreams
63e3baa3;Coldplay;2017;Portland;Etats-Unis;A Head Full of Dreams
3be24c50;Coldplay;2017;Vancouver;Canada;A Head Full of Dreams
33e25cb9;Coldplay;2017;Edmonton;Canada;A Head Full of Dreams
5be26758;Coldplay;2017;Edmonton;Canada;A Head Full of Dreams
13e25dbd;Coldplay;2017;Charlottesville;Etats-Unis;A Head Full of Dreams
53e27b21;Coldplay;2017;Seattle;Etats-Unis;A Head Full of Dreams
63e2025f;Coldplay;2017;Las Vegas;Etats-Unis;A Head Full of Dreams
3be294a8;Coldplay;2017;Miami Gardens;Etats-Unis;A Head Full of Dreams
be2bdee;Coldplay;2017;Toronto;Canada;A Head Full of Dreams
13e54595;Coldplay;2017;Toronto;Canada;A Head Full of Dreams
2be5543a;Coldplay;2017;Cleveland;Etats-Unis;A Head Full of Dreams
6be5666e;Coldplay;2017;Chicago;Etats-Unis;A Head Full of Dreams
23e574cf;Coldplay;2017;Kansas City;Etats-Unis;A Head Full of Dreams
2be57872;Coldplay;2017;Omaha;Etats-Unis;A Head Full of Dreams
4be50b8e;Coldplay;2017;Minneapolis;Etats-Unis;A Head Full of Dreams
33e51c95;Coldplay;2017;Montréal;Canada;A Head Full of Dreams
33e524fd;Coldplay;2017;Montréal;Canada;A Head Full of Dreams
3be53468;Coldplay;2017;Landover;Etats-Unis;A Head Full of Dreams
be5c1b2;Coldplay;2017;Foxborough;Etats-Unis;A Head Full of Dreams
3be5d47c;Coldplay;2017;East Rutherford;Etats-Unis;A Head Full of Dreams
3be5bc80;Coldplay;2017;Saint-Denis;France;A Head Full of Dreams
43e44bdf;Coldplay;2017;Saint-Denis;France;A Head Full of Dreams
43e45363;Coldplay;2017;Saint-Denis;France;A Head Full of Dreams
7be46ee0;Coldplay;2017;Cardiff;Royaume-Uni;A Head Full of Dreams
7be476e8;Coldplay;2017;Cardiff;Royaume-Uni;A Head Full of Dreams
3be40474;Coldplay;2017;Dublin;Irlande;A Head Full of Dreams
43e4131b;Coldplay;2017;Hambourg;Allemagne;A Head Full of Dreams
53e41f45;Coldplay;2017;Milan;Italie;A Head Full of Dreams
3be430d8;Coldplay;2017;Milan;Italie;A Head Full of Dreams
53e4c389;Coldplay;2017;Francfort-sur-le-Main;Allemagne;A Head Full of Dreams
7be4cab4;Coldplay;2017;Francfort-sur-le-Main;Allemagne;A Head Full of Dreams
4be4e7f6;Coldplay;2017;Gothembourg;Suède;A Head Full of Dreams
13e4e511;Coldplay;2017;Gothembourg;Suède;A Head Full of Dreams
2be4842a;Coldplay;2017;Bruxelles;Belgique;A Head Full of Dreams
6be48eba;Coldplay;2017;Bruxelles;Belgique;A Head Full of Dreams
3e49d2b;Coldplay;2017;Varsovie;Pologne;A Head Full of Dreams
5be4b3b0;Coldplay;2017;Hanovre;Allemagne;A Head Full of Dreams
63e4be5b;Coldplay;2017;Leipzig;Allemagne;A Head Full of Dreams
2be75086;Coldplay;2017;Vienne;Autriche;A Head Full of Dreams
3be768d0;Coldplay;2017;Décines-Charpieu;France;A Head Full of Dreams
13e77521;Coldplay;2017;Munich;Allemagne;A Head Full of Dreams
33e7003d;Coldplay;2017;Manchester;Royaume-Uni;
73e7868d;Coldplay;2017;New York;Etats-Unis;
3e6c1af;Coldplay;2017;Tokyo;Japon;A Head Full of Dreams
be6d50e;Coldplay;2017;Séoul;Corée du Sud;A Head Full of Dreams
2be6dc82;Coldplay;2017;Séoul;Corée du Sud;A Head Full of Dreams
be6ed32;Coldplay;2017;Taipei;Taiwan;A Head Full of Dreams
13e6f5a9;Coldplay;2017;Taipei;Taiwan;A Head Full of Dreams
3e68d6b;Coldplay;2017;Bangkok;Thaïlande;A Head Full of Dreams
be6a176;Coldplay;2017;Pasay City;Philippines;A Head Full of Dreams
23e6b44b;Coldplay;2017;Singapour;Singapour;A Head Full of Dreams
2be6bcf2;Coldplay;2017;Singapour;Singapour;A Head Full of Dreams
bfb75d2;Coldplay;2016;Abu Dhabi;Emirats Arabes Unis;A Head Full of Dreams
73fa4675;Coldplay;2016;Sydney;Australie;A Head Full of Dreams
43fbcf03;Coldplay;2016;Sydney;Australie;A Head Full of Dreams
73fbe295;Coldplay;2016;Melbourne;Australie;A Head Full of Dreams
3fbe58f;Coldplay;2016;Melbourne;Australie;A Head Full of Dreams
43fbe773;Coldplay;2016;Sydney;Australie;
6bfbfa2e;Coldplay;2016;Brisbane;Australie;A Head Full of Dreams
63fb8a3b;Coldplay;2016;Auckland;Nouvelle-Zélande;A Head Full of Dreams
23fa68ff;Coldplay;2016;Bombay;Inde;A Head Full of Dreams
13fa7ddd;Coldplay;2016;Londres;Royaume-Uni;
3bfc1494;Coldplay;2016;Milan;Italie;
33fa2045;Coldplay;2016;Cannes;France;
5bfa2b44;Coldplay;2016;Londres;Royaume-Uni;A Head Full of Dreams
13fa1999;Coldplay;2016;Londres;Royaume-Uni;
23fc7053;Coldplay;2016;Philadelphia;Etats-Unis;A Head Full of Dreams
4bfc7bca;Coldplay;2016;Santa Clara;Etats-Unis;A Head Full of Dreams
53fc079d;Coldplay;2016;Las Vegas;Etats-Unis;A Head Full of Dreams
43fc0bfb;Coldplay;2016;Salt Lake City;Etats-Unis;A Head Full of Dreams
7bfc166c;Coldplay;2016;Denver;Etats-Unis;A Head Full of Dreams
2bfc2076;Coldplay;2016;Arlington;Etats-Unis;A Head Full of Dreams
43fc3307;Coldplay;2016;Tulsa;Etats-Unis;A Head Full of Dreams
53fc3f95;Coldplay;2016;Glendale;Etats-Unis;A Head Full of Dreams
23fcc4ef;Coldplay;2016;Pasadena;Etats-Unis;A Head Full of Dreams
43fccfb7;Coldplay;2016;Pasadena;Etats-Unis;A Head Full of Dreams
63fc8eb3;Coldplay;2016;New York;Etats-Unis;A Head Full of Dreams
43fca7bb;Coldplay;2016;Philadelphia;Etats-Unis;A Head Full of Dreams
3bfcb050;Coldplay;2016;Pittsburgh;Etats-Unis;A Head Full of Dreams
1bfcb5c8;Coldplay;2016;Auburn Hills;Etats-Unis;A Head Full of Dreams
4bff4786;Coldplay;2016;Buffalo;Etats-Unis;A Head Full of Dreams
1bff4d10;Coldplay;2016;Foxborough;Etats-Unis;A Head Full of Dreams
73ff5e55;Coldplay;2016;Columbus;Etats-Unis;A Head Full of Dreams
3bff6054;Coldplay;2016;Louisville;Etats-Unis;A Head Full of Dreams
73ff7ae9;Coldplay;2016;Chicago;Etats-Unis;A Head Full of Dreams
53ff7fc9;Coldplay;2016;Chicago;Etats-Unis;A Head Full of Dreams
7bff0e40;Coldplay;2016;Saint Louis;Etats-Unis;A Head Full of Dreams
43ff1767;Coldplay;2016;Indianapolis;Etats-Unis;A Head Full of Dreams
63ff2eab;Coldplay;2016;East Rutherford;Etats-Unis;A Head Full of Dreams
7bff3678;Coldplay;2016;East Rutherford;Etats-Unis;A Head Full of Dreams
63fffacb;Coldplay;2016;Copenhague;Danemark;A Head Full of Dreams
3bfffc14;Coldplay;2016;Copenhague;Danemark;A Head Full of Dreams
53ff8b1d;Coldplay;2016;Solna;Suède;A Head Full of Dreams
43ff9743;Coldplay;2016;Hambourg;Allemagne;A Head Full of Dreams
7bffa64c;Coldplay;2016;Berlin;Allemagne;A Head Full of Dreams
23ffacdf;Coldplay;2016;Londres;Royaume-Uni;A Head Full of Dreams
3bffb81c;Coldplay;2016;Pilton;Royaume-Uni;A Head Full of Dreams
4bfe4b4e;Coldplay;2016;Amsterdam;Pays-Bas;A Head Full of Dreams
bfe4dde;Coldplay;2016;Amsterdam;Pays-Bas;A Head Full of Dreams
73fe6a3d;Coldplay;2016;Londres;Royaume-Uni;A Head Full of Dreams
33fe6c6d;Coldplay;2016;Londres;Royaume-Uni;A Head Full of Dreams
13fe7965;Coldplay;2016;Londres;Royaume-Uni;A Head Full of Dreams
7bfe02bc;Coldplay;2016;Londres;Royaume-Uni;A Head Full of Dreams
3bfe10d0;Coldplay;2016;Zurich;Suisse;A Head Full of Dreams
73fe1a11;Coldplay;2016;Zurich;Suisse;A Head Full of Dreams
53fe3735;Coldplay;2016;Glasgow;Royaume-Uni;A Head Full of Dreams
4bfec76e;Coldplay;2016;Manchester;Royaume-Uni;A Head Full of Dreams
73f80629;Coldplay;2016;Manchester;Royaume-Uni;
2bfecc2a;Coldplay;2016;Manchester;Royaume-Uni;A Head Full of Dreams
1bfee1b0;Coldplay;2016;Gelsenkirchen;Allemagne;A Head Full of Dreams
33fef01d;Coldplay;2016;Kenton;Royaume-Uni;A Head Full of Dreams
6bfe86ee;Coldplay;2016;Barcelone;Espagne;A Head Full of Dreams
23fe888b;Coldplay;2016;Barcelone;Espagne;A Head Full of Dreams
1bfe9514;Coldplay;2016;Nice;France;A Head Full of Dreams
53fea3b1;Coldplay;2016;Orlando;Etats-Unis;A Head Full of Dreams
3bfeac60;Coldplay;2016;New York;Etats-Unis;
3bfebc14;Coldplay;2016;New York;Etats-Unis;
1bf1f988;Coldplay;2016;Mexico;Mexique;A Head Full of Dreams
5bf1830c;Coldplay;2016;Mexico;Mexique;A Head Full of Dreams
4bf187ba;Coldplay;2016;Mexico;Mexique;A Head Full of Dreams
6bf1926a;Coldplay;2016;Bogotá;Colombie;A Head Full of Dreams
bf055c2;Coldplay;2016;Rio de Janeiro;Brésil;A Head Full of Dreams
73f1ba11;Coldplay;2016;São Paulo;Brésil;A Head Full of Dreams
bf045c2;Coldplay;2016;Lima;Pérou;A Head Full of Dreams
53f053dd;Coldplay;2016;Santiago du Chili;Chili;A Head Full of Dreams
63f0629b;Coldplay;2016;La Plata;Argentine;A Head Full of Dreams
4bf0677a;Coldplay;2016;La Plata;Argentine;A Head Full of Dreams
3bf038a8;Coldplay;2016;New York;Etats-Unis;
7bf0d260;Coldplay;2016;New York;Etats-Unis;
2bf34886;Coldplay;2016;Londres;Royaume-Uni;
53f34b7d;Coldplay;2016;Londres;Royaume-Uni;
2bf374ae;Coldplay;2016;Londres;Royaume-Uni;
3bf33404;Coldplay;2016;Santa Clara;Etats-Unis;
33f20461;Coldplay;2015;Londres;Royaume-Uni;
53f22f59;Coldplay;2015;Berlin;Allemagne;
2bf2c422;Coldplay;2015;Universal City;Etats-Unis;
53f2cbad;Coldplay;2015;Londres;Royaume-Uni;
3f2d1bf;Coldplay;2015;Milan;Italie;
43f2dfe7;Coldplay;2015;Lutece;France;
73f2dadd;Coldplay;2015;Lutece;France;
4bf2eb92;Coldplay;2015;Offenbach;Allemagne;
73f2e281;Coldplay;2015;Londres;Royaume-Uni;
23f2fc37;Coldplay;2015;Londres;Royaume-Uni;
73f28afd;Coldplay;2015;Londres;Royaume-Uni;
7bf2fe30;Coldplay;2015;Londres;Royaume-Uni;
5bf28f58;Coldplay;2015;Londres;Royaume-Uni;
3f55143;Coldplay;2015;Los Angeles;Etats-Unis;
5bf55b2c;Coldplay;2015;Los Angeles;Etats-Unis;
33f550e9;Coldplay;2015;Burbank;Etats-Unis;
43f55bcb;Coldplay;2015;Burbank;Etats-Unis;
3bf50c38;Coldplay;2015;Los Angeles;Etats-Unis;
3bf510a0;Coldplay;2015;Los Angeles;Etats-Unis;
3f52973;Coldplay;2015;Cannes;France;
63f52a17;Coldplay;2015;Londres;Royaume-Uni;
5bf4efc8;Coldplay;2015;New York;Etats-Unis;
bf4a1a6;Coldplay;2015;Las Vegas;Etats-Unis;
13f7419d;Coldplay;2015;Bombay;Inde;
6bcd2a4a;Coldplay;2014;Cannes;France;
3bcd3094;Coldplay;2014;Londres;Royaume-Uni;
73cd3a39;Coldplay;2014;Londres;Royaume-Uni;Ghost Stories
7bcdd2d8;Coldplay;2014;Munich;Allemagne;Ghost Stories
63cdc65b;Coldplay;2014;Berlin;Allemagne;
13cf3d19;Coldplay;2014;Las Vegas;Etats-Unis;
4bcfc3f6;Coldplay;2014;Los Angeles;Etats-Unis;
73cf86e9;Coldplay;2014;Minneapolis;Etats-Unis;
73c18e8d;Coldplay;2014;Londres;Royaume-Uni;Ghost Stories
2bc18ce6;Coldplay;2014;Londres;Royaume-Uni;Ghost Stories
2bc0408a;Coldplay;2014;Sydney;Australie;Ghost Stories
3c059e7;Coldplay;2014;Sydney;Australie;Ghost Stories
5bc05b18;Coldplay;2014;Sydney;Australie;Ghost Stories
43c05b97;Coldplay;2014;Sydney;Australie;
3c071af;Coldplay;2014;Urayasu;Japon;
1bc071b0;Coldplay;2014;Tokyo;Japon;
bc009ee;Coldplay;2014;Tokyo;Japon;Ghost Stories
5bc0f3cc;Coldplay;2014;Lutece;France;Ghost Stories
63c08e7f;Coldplay;2014;Glasgow;Royaume-Uni;Ghost Stories
43c09313;Coldplay;2014;Burbank;Etats-Unis;
5bc09310;Coldplay;2014;Universal City;Etats-Unis;
23c0b073;Coldplay;2014;Los Angeles;Etats-Unis;Ghost Stories
73c0ba69;Coldplay;2014;Burbank;Etats-Unis;Ghost Stories
63c302c7;Coldplay;2014;New York;Etats-Unis;
6bc30636;Coldplay;2014;New York;Etats-Unis;Ghost Stories
63c30e7b;Coldplay;2014;New York;Etats-Unis;
33c314c5;Coldplay;2014;New York;Etats-Unis;
33c32855;Coldplay;2014;Maidstone;Royaume-Uni;
4bc33bca;Coldplay;2014;Baden-Baden;Allemagne;
3bc33cf8;Coldplay;2014;Cologne;Allemagne;Ghost Stories
33c3c001;Coldplay;2014;Lutece;France;
33c3c49d;Coldplay;2014;Londres;Royaume-Uni;
bc21572;Coldplay;2014;Culver City;Etats-Unis;
53c21b7d;Coldplay;2014;Culver City;Etats-Unis;
7bc22264;Coldplay;2014;Culver City;Etats-Unis;
1bc2ed44;Coldplay;2014;Austin;Etats-Unis;
7bc466f8;Coldplay;2013;Londres;Royaume-Uni;
5bc45ba8;Coldplay;2013;Londres;Royaume-Uni;
5bc46bc0;Coldplay;2013;Somerset;Royaume-Uni;
43da4baf;Coldplay;2012;Brooklyn;Etats-Unis;Mylo Xyloto
1bda49fc;Coldplay;2012;Brooklyn;Etats-Unis;Mylo Xyloto
4bda4b0a;Coldplay;2012;Uncasville;Etats-Unis;Mylo Xyloto
3bdadc74;Coldplay;2012;Brisbane;Australie;Mylo Xyloto
7bdaeef0;Coldplay;2012;Sydney;Australie;Mylo Xyloto
1bdaf100;Coldplay;2012;Sydney;Australie;Mylo Xyloto
bdafdb6;Coldplay;2012;Sydney;Australie;
3bdaf878;Coldplay;2012;Sydney;Australie;
bda8522;Coldplay;2012;Melbourne;Australie;Mylo Xyloto
6bda9ada;Coldplay;2012;Auckland;Nouvelle-Zélande;Mylo Xyloto
53ddfbe1;Coldplay;2012;Hanovre;Allemagne;Mylo Xyloto
6bdd8a96;Coldplay;2012;Varsovie;Pologne;Mylo Xyloto
bdd95aa;Coldplay;2012;Prague;République Tchèque;Mylo Xyloto
13dd9d35;Coldplay;2012;Leipzig;Allemagne;Mylo Xyloto
1bdda5f0;Coldplay;2012;Munich;Allemagne;Mylo Xyloto
6bddba1e;Coldplay;2012;Londres;Royaume-Uni;Mylo Xyloto
3dc45c3;Coldplay;2012;La Haye;Pays-Bas;Mylo Xyloto
5bdc4f28;Coldplay;2012;Cologne;Allemagne;Mylo Xyloto
3bdc5490;Coldplay;2012;Saint-Denis;France;Mylo Xyloto
23dc6077;Coldplay;2012;Stockholm;Suède;Mylo Xyloto
bdc69ce;Coldplay;2012;Copenhague;Danemark;Mylo Xyloto
7bdc3e38;Coldplay;2012;Saint Paul;Etats-Unis;Mylo Xyloto
3dc3d3b;Coldplay;2012;Saint Paul;Etats-Unis;Mylo Xyloto
5bdccf08;Coldplay;2012;Chicago;Etats-Unis;Mylo Xyloto
73dcd239;Coldplay;2012;Chicago;Etats-Unis;Mylo Xyloto
6bdce2b6;Coldplay;2012;East Rutherford;Etats-Unis;Mylo Xyloto
4bdce7de;Coldplay;2012;East Rutherford;Etats-Unis;Mylo Xyloto
73dcea55;Coldplay;2012;Auburn Hills;Etats-Unis;Mylo Xyloto
53dcf369;Coldplay;2012;Boston;Etats-Unis;Mylo Xyloto
2bdcf4ca;Coldplay;2012;Boston;Etats-Unis;Mylo Xyloto
43dcff6f;Coldplay;2012;Montréal;Canada;Mylo Xyloto
4bdc8362;Coldplay;2012;Montréal;Canada;Mylo Xyloto
4bdc8bf6;Coldplay;2012;Toronto;Canada;Mylo Xyloto
2bdc8c32;Coldplay;2012;Toronto;Canada;Mylo Xyloto
5bdf4b9c;Coldplay;2012;Washington;Etats-Unis;Mylo Xyloto
23df4c47;Coldplay;2012;Washington;Etats-Unis;Mylo Xyloto
1bdf55a0;Coldplay;2012;Philadelphia;Etats-Unis;Mylo Xyloto
4bdf5f4e;Coldplay;2012;Philadelphia;Etats-Unis;Mylo Xyloto
2bdf64f6;Coldplay;2012;Charlotte;Etats-Unis;Mylo Xyloto
13df698d;Coldplay;2012;Atlanta;Etats-Unis;Mylo Xyloto
7bdf7aac;Coldplay;2012;Miami;Etats-Unis;Mylo Xyloto
1bdf7928;Coldplay;2012;Tampa;Etats-Unis;Mylo Xyloto
bdf0162;Coldplay;2012;Houston;Etats-Unis;Mylo Xyloto
13df0521;Coldplay;2012;Houston;Etats-Unis;Mylo Xyloto
13df1119;Coldplay;2012;Dallas;Etats-Unis;Mylo Xyloto
2bdf143e;Coldplay;2012;Dallas;Etats-Unis;Mylo Xyloto
23dfc487;Coldplay;2012;Manchester;Royaume-Uni;Mylo Xyloto
13dfc5ad;Coldplay;2012;Londres;Royaume-Uni;Mylo Xyloto
43dfcb3b;Coldplay;2012;Manchester;Royaume-Uni;Mylo Xyloto
13dfcdd5;Coldplay;2012;Sunderland;Royaume-Uni;Mylo Xyloto
5bdfdbf8;Coldplay;2012;Londres;Royaume-Uni;Mylo Xyloto
53dfe3b1;Coldplay;2012;Londres;Royaume-Uni;Mylo Xyloto
7bdfe6d0;Coldplay;2012;Londres;Royaume-Uni;Mylo Xyloto
3bdfec4c;Coldplay;2012;Coventry;Royaume-Uni;Mylo Xyloto
4bdffb52;Coldplay;2012;Zurich;Suisse;Mylo Xyloto
1bdffdc8;Coldplay;2012;Turin;Italie;Mylo Xyloto
33df84f1;Coldplay;2012;Nice;France;Mylo Xyloto
43df8f8f;Coldplay;2012;Madrid;Espagne;Mylo Xyloto
7bdf96ac;Coldplay;2012;Porto;Portugal;Mylo Xyloto
3dfb9e3;Coldplay;2012;Irvine;Etats-Unis;Mylo Xyloto
23dfbc57;Coldplay;2012;Hollywood;Etats-Unis;Mylo Xyloto
3bdfb8a4;Coldplay;2012;Los Angeles;Etats-Unis;
7bde46a0;Coldplay;2012;Hollywood;Etats-Unis;Mylo Xyloto
33de4475;Coldplay;2012;Hollywood;Etats-Unis;Mylo Xyloto
33de4c09;Coldplay;2012;San José;Etats-Unis;Mylo Xyloto
3bde50b4;Coldplay;2012;San José;Etats-Unis;Mylo Xyloto
73de5a1d;Coldplay;2012;Seattle;Etats-Unis;Mylo Xyloto
13de5929;Coldplay;2012;Portland;Etats-Unis;Mylo Xyloto
3bde6480;Coldplay;2012;Vancouver;Canada;Mylo Xyloto
3de659f;Coldplay;2012;Vancouver;Canada;Mylo Xyloto
53de6f85;Coldplay;2012;Calgary;Canada;Mylo Xyloto
53de73d1;Coldplay;2012;Edmonton;Canada;Mylo Xyloto
33dee48d;Coldplay;2012;New York;Etats-Unis;
63deee4f;Coldplay;2012;New York;Etats-Unis;
43de8773;Coldplay;2012;Londres;Royaume-Uni;
43de9be7;Coldplay;2012;Los Angeles;Etats-Unis;
73dea2dd;Coldplay;2012;Los Angeles;Etats-Unis;
73deaac5;Coldplay;2012;Los Angeles;Etats-Unis;
43dea72b;Coldplay;2012;Los Angeles;Etats-Unis;Mylo Xyloto
4bd143b6;Coldplay;2012;Cannes;France;
5bd17bbc;Coldplay;2011;Abu Dhabi;Emirats Arabes Unis;Mylo Xyloto
3bd10888;Coldplay;2011;Berlin;Allemagne;Mylo Xyloto
3d1093f;Coldplay;2011;Francfort-sur-le-Main;Allemagne;Mylo Xyloto
bd10d9e;Coldplay;2011;Anvers;Belgique;Mylo Xyloto
43d1138b;Coldplay;2011;Rotterdam;Pays-Bas;Mylo Xyloto
43d117af;Coldplay;2011;Cologne;Allemagne;Mylo Xyloto
3bd11450;Coldplay;2011;Lutece;France;Mylo Xyloto
13d1191d;Coldplay;2011;Londres;Royaume-Uni;
43d1230b;Coldplay;2011;Londres;Royaume-Uni;Mylo Xyloto
6bd12656;Coldplay;2011;Londres;Royaume-Uni;Mylo Xyloto
7bdb42f0;Coldplay;2011;New York;Etats-Unis;
5bd12bc4;Coldplay;2011;Londres;Royaume-Uni;Mylo Xyloto
3bd13010;Coldplay;2011;Manchester;Royaume-Uni;Mylo Xyloto
4bd13766;Coldplay;2011;Glasgow;Royaume-Uni;Mylo Xyloto
63d1d2db;Coldplay;2011;Londres;Royaume-Uni;
bdeb57a;Coldplay;2011;Londres;Royaume-Uni;
3bd1d038;Coldplay;2011;Oslo;Norvège;Mylo Xyloto
5bd127e0;Coldplay;2011;Rome;Italie;
7bd1f2b4;Coldplay;2011;Manchester;Royaume-Uni;
73db42e9;Coldplay;2011;New York;Etats-Unis;
13d1917d;Coldplay;2011;Belfast;Royaume-Uni;
2bd19ca2;Coldplay;2011;Cologne;Allemagne;Mylo Xyloto
4bdb9bf6;Coldplay;2011;Lutece;France;
43d1a793;Coldplay;2011;Lutece;France;Mylo Xyloto
53d17709;Coldplay;2011;Londres;Royaume-Uni;Mylo Xyloto
3d1b11f;Coldplay;2011;Norwich;Royaume-Uni;Mylo Xyloto
53d1b761;Coldplay;2011;Madrid;Espagne;Mylo Xyloto
5bdbff00;Coldplay;2011;Londres;Royaume-Uni;
53d1af0d;Coldplay;2011;New York;Etats-Unis;
43d1af03;Coldplay;2011;New York;Etats-Unis;
33d1ac09;Coldplay;2011;Cupertino;Etats-Unis;
5bd1af08;Coldplay;2011;Los Angeles;Etats-Unis;
43dfb3af;Coldplay;2011;Burbank;Etats-Unis;
63db3adf;Coldplay;2011;Londres;Royaume-Uni;
43d06f6f;Coldplay;2011;Johannesbourg;Afrique du Sud;Mylo Xyloto
43d077cb;Coldplay;2011;Le Cap;Afrique du Sud;Mylo Xyloto
23d0001f;Coldplay;2011;Rio de Janeiro;Brésil;Mylo Xyloto
23d01077;Coldplay;2011;Atlanta;Etats-Unis;Mylo Xyloto
1bd01584;Coldplay;2011;Las Vegas;Etats-Unis;
73d01a4d;Coldplay;2011;Toronto;Canada;
63d01a43;Coldplay;2011;New York;Etats-Unis;
bda4dee;Coldplay;2011;Holmdel;Etats-Unis;
73d02a11;Coldplay;2011;Austin;Etats-Unis;
2bd02486;Coldplay;2011;Austin;Etats-Unis;
53dfb3c5;Coldplay;2011;Lutece;France;
53fc633d;Coldplay;2011;Lutece;France;
5bd09358;Coldplay;2011;Chicago;Etats-Unis;Mylo Xyloto
5bd09734;Coldplay;2011;Los Angeles;Etats-Unis;Mylo Xyloto
4bd09fb2;Coldplay;2011;Woodford;Australie;Mylo Xyloto
1bd0a1d0;Coldplay;2011;Yuzawa;Japon;Mylo Xyloto
13d0b1f1;Coldplay;2011;Londres;Royaume-Uni;Mylo Xyloto
43d357c3;Coldplay;2011;An Nás;Irlande;
6bd35e5e;Coldplay;2011;Kinross;Royaume-Uni;Mylo Xyloto
6bd362ae;Coldplay;2011;Bilbao;Espagne;Mylo Xyloto
13d361b1;Coldplay;2011;Oeiras;Portugal;Mylo Xyloto
53d36b5d;Coldplay;2011;Arras;France;Mylo Xyloto
4bd36f7a;Coldplay;2011;Werchter;Belgique;Mylo Xyloto
7bd3763c;Coldplay;2011;Gdynia;Pologne;Mylo Xyloto
5bd37bb0;Coldplay;2011;Gothembourg;Suède;Mylo Xyloto
33d304a9;Coldplay;2011;Pilton;Royaume-Uni;Mylo Xyloto
3d32137;Coldplay;2011;Landgraaf;Pays-Bas;Mylo Xyloto
3d3253f;Coldplay;2011;Mestre;Italie;Mylo Xyloto
6bd336ee;Coldplay;2011;Nürburg;Allemagne;Mylo Xyloto
5bd33748;Coldplay;2011;Nuremberg;Allemagne;Mylo Xyloto
43d157ef;Coldplay;2011;Londres;Royaume-Uni;
4bd15f92;Coldplay;2011;Londres;Royaume-Uni;
23d2f00b;Coldplay;2010;Las Vegas;Etats-Unis;
4bd28306;Coldplay;2010;Newcastle-upon-Tyne;Royaume-Uni;
3bd28010;Coldplay;2010;Liverpool;Royaume-Uni;
23d28c87;Coldplay;2010;Londres;Royaume-Uni;
53d4b76d;Coldplay;2010;Monterrey;Mexique;Viva la Vida
bd4b56e;Coldplay;2010;Guadalajara;Mexique;Viva la Vida
23d4b8af;Coldplay;2010;Mexico;Mexique;Viva la Vida
1bd4b994;Coldplay;2010;Mexico;Mexique;Viva la Vida
33d4bc71;Coldplay;2010;Bogotá;Colombie;Viva la Vida
7bd742fc;Coldplay;2010;São Paulo;Brésil;Viva la Vida
13d741d1;Coldplay;2010;Rio de Janeiro;Brésil;Viva la Vida
3bd744a0;Coldplay;2010;Buenos Aires;Argentine;Viva la Vida
73d15e79;Coldplay;2010;Londres;Royaume-Uni;
63d736e7;Coldplay;2009;Exeter;Royaume-Uni;
13d789b5;Coldplay;2009;Londres;Royaume-Uni;Viva la Vida
6bd78ee2;Coldplay;2009;Londres;Royaume-Uni;Viva la Vida
5bd78fc8;Coldplay;2009;Glasgow;Royaume-Uni;Viva la Vida
3d78dff;Coldplay;2009;Dublin;Irlande;Viva la Vida
23d7901b;Coldplay;2009;Manchester;Royaume-Uni;Viva la Vida
1bd79110;Coldplay;2009;Nimègue;Pays-Bas;Viva la Vida
73d79645;Coldplay;2009;Nimègue;Pays-Bas;Viva la Vida
5bd797f0;Coldplay;2009;Lutece;France;Viva la Vida
53d79bd1;Coldplay;2009;Barcelone;Espagne;Viva la Vida
13d7995d;Coldplay;2009;Berne;Suisse;Viva la Vida
1bd79db8;Coldplay;2009;Udine;Italie;Viva la Vida
3bd7a098;Coldplay;2009;Munich;Allemagne;Viva la Vida
73d7a671;Coldplay;2009;Düsseldorf;Allemagne;Viva la Vida
bd7a58a;Coldplay;2009;Hanovre;Allemagne;Viva la Vida
43d7ab93;Coldplay;2009;Stockholm;Suède;Viva la Vida
6bd7aada;Coldplay;2009;Bergen;Norvège;Viva la Vida
23d7acaf;Coldplay;2009;Herning;Danemark;Viva la Vida
1bd7b504;Coldplay;2009;Charlotte;Etats-Unis;Viva la Vida
73d7bab9;Coldplay;2009;Raleigh;Etats-Unis;Viva la Vida
bd7b96e;Coldplay;2009;Mansfield;Etats-Unis;Viva la Vida
2bd25cfa;Coldplay;2009;Jersey City;Etats-Unis;Viva la Vida
4bd7bf5a;Coldplay;2009;Montréal;Canada;Viva la Vida
5bd643bc;Coldplay;2009;Toronto;Canada;Viva la Vida
2bd6403e;Coldplay;2009;Saratoga Springs;Etats-Unis;Viva la Vida
53d647cd;Coldplay;2009;East Troy;Etats-Unis;Viva la Vida
6bd64a32;Coldplay;2009;Maryland Heights;Etats-Unis;Viva la Vida
3bd64898;Coldplay;2009;The Woodlands;Etats-Unis;Viva la Vida
3d64d13;Coldplay;2009;Dallas;Etats-Unis;Viva la Vida
43d7cf63;Coldplay;2009;Irvine;Etats-Unis;Viva la Vida
23da443b;Coldplay;2009;Hollywood;Etats-Unis;Viva la Vida
5bd65378;Coldplay;2009;Carson;Etats-Unis;Viva la Vida
bd655ea;Coldplay;2009;Chula Vista;Etats-Unis;Viva la Vida
4bd65ba6;Coldplay;2009;Wheatland;Etats-Unis;Viva la Vida
73d65ef1;Coldplay;2009;Mountain View;Etats-Unis;Viva la Vida
1bd5851c;Coldplay;2009;George;Etats-Unis;Viva la Vida
7bd6662c;Coldplay;2009;Ridgefield;Etats-Unis;Viva la Vida
2bd65c56;Coldplay;2009;Roskilde;Danemark;Viva la Vida
33d668c1;Coldplay;2009;Werchter;Belgique;Viva la Vida
2bd668c6;Coldplay;2009;Arras;France;Viva la Vida
73d23211;Coldplay;2009;Vancouver;Canada;Viva la Vida
5bd67f6c;Coldplay;2009;Vancouver;Canada;Viva la Vida
7bd602b0;Coldplay;2009;Edmonton;Canada;Viva la Vida
63d60a1f;Coldplay;2009;Calgary;Canada;Viva la Vida
3d609a3;Coldplay;2009;Winnipeg;Canada;Viva la Vida
23db289f;Coldplay;2009;Omaha;Etats-Unis;Viva la Vida
63d64ac7;Coldplay;2009;Des Moines;Etats-Unis;Viva la Vida
5bd60f2c;Coldplay;2009;San Antonio;Etats-Unis;Viva la Vida
63d612b7;Coldplay;2009;La Nouvelle-Orléans;Etats-Unis;Viva la Vida
5bd08b40;Coldplay;2009;Nashville;Etats-Unis;Viva la Vida
7bd61260;Coldplay;2009;Noblesville;Etats-Unis;Viva la Vida
73d616b1;Coldplay;2009;Cincinnati;Etats-Unis;Viva la Vida
3bd61458;Coldplay;2009;Clarkston;Etats-Unis;Viva la Vida
5bd43758;Coldplay;2009;Darien Center;Etats-Unis;Viva la Vida
43d61b93;Coldplay;2009;Burgettstown;Etats-Unis;Viva la Vida
4bd66b62;Coldplay;2009;Camden;Etats-Unis;Viva la Vida
3d61987;Coldplay;2009;Hershey;Etats-Unis;Viva la Vida
43d78b07;Coldplay;2009;Hartford;Etats-Unis;Viva la Vida
73d61e41;Coldplay;2009;Bristow;Etats-Unis;Viva la Vida
23d61873;Coldplay;2009;Virginia Beach;Etats-Unis;Viva la Vida
53d61f29;Coldplay;2009;Pelham;Etats-Unis;Viva la Vida
2bd61cf2;Coldplay;2009;Atlanta;Etats-Unis;Viva la Vida
2bd61cd6;Coldplay;2009;West Palm Beach;Etats-Unis;Viva la Vida
23d2481b;Coldplay;2009;Abu Dhabi;Emirats Arabes Unis;Viva la Vida
43d6c363;Coldplay;2009;Chek Lap Kok;Hong-Kong;Viva la Vida
3d6c19f;Coldplay;2009;Singapour;Singapour;Viva la Vida
43ddfb7b;Coldplay;2009;Auckland;Nouvelle-Zélande;Viva la Vida
73d5eea1;Coldplay;2009;Auckland;Nouvelle-Zélande;Viva la Vida
7bd6ca8c;Coldplay;2009;Sydney;Australie;Viva la Vida
7bd6ca00;Coldplay;2009;Sydney;Australie;Viva la Vida
63d6ca07;Coldplay;2009;Sydney;Australie;Viva la Vida
5bd6cbd8;Coldplay;2009;Sydney;Australie;Viva la Vida
3bd6c8f8;Coldplay;2009;Sydney;Australie;Viva la Vida
13d6c9e9;Coldplay;2009;Brisbane;Australie;Viva la Vida
13d6c94d;Coldplay;2009;Brisbane;Australie;Viva la Vida
53d6cf2d;Coldplay;2009;Melbourne;Australie;Viva la Vida
3bd6cc10;Coldplay;2009;Melbourne;Australie;Viva la Vida
3d6cd6f;Coldplay;2009;Melbourne;Australie;Viva la Vida
3bd6d074;Coldplay;2009;Perth;Australie;Viva la Vida
6bd6d612;Coldplay;2009;Perth;Australie;Viva la Vida
53da33bd;Coldplay;2009;Londres;Royaume-Uni;Viva la Vida
7bd4c6e4;Coldplay;2009;Londres;Royaume-Uni;Viva la Vida
2bd6dcca;Coldplay;2009;Kobe;Japon;Viva la Vida
23d6dccb;Coldplay;2009;Kobe;Japon;Viva la Vida
33d6dcdd;Coldplay;2009;Saitama;Japon;Viva la Vida
2bd6dcde;Coldplay;2009;Saitama;Japon;Viva la Vida
33d1a8b9;Coldplay;2009;Los Angeles;Etats-Unis;Viva la Vida
6bda5af2;Coldplay;2009;Offenbourg;Allemagne;
6bd6fed2;Coldplay;2008;Belfast;Royaume-Uni;Viva la Vida
7bd6fe78;Coldplay;2008;Dublin;Irlande;Viva la Vida
4bd6ffde;Coldplay;2008;Dublin;Irlande;Viva la Vida
53d6ffc1;Coldplay;2008;Belfast;Royaume-Uni;Viva la Vida
53ccf741;Coldplay;2008;Belfast;Royaume-Uni;Viva la Vida
63d68257;Coldplay;2008;Londres;Royaume-Uni;Viva la Vida
4bd683fa;Coldplay;2008;Londres;Royaume-Uni;Viva la Vida
33d6809d;Coldplay;2008;Londres;Royaume-Uni;Viva la Vida
6bd686da;Coldplay;2008;Manchester;Royaume-Uni;Viva la Vida
4bd6870a;Coldplay;2008;Manchester;Royaume-Uni;Viva la Vida
1bd68528;Coldplay;2008;Glasgow;Royaume-Uni;Viva la Vida
73d68a3d;Coldplay;2008;Liverpool;Royaume-Uni;Viva la Vida
43d68beb;Coldplay;2008;Glasgow;Royaume-Uni;Viva la Vida
7bd68e04;Coldplay;2008;Birmingham;Royaume-Uni;Viva la Vida
53d68fa1;Coldplay;2008;Birmingham;Royaume-Uni;Viva la Vida
43d68f3b;Coldplay;2008;Birmingham;Royaume-Uni;Viva la Vida
3d68d97;Coldplay;2008;Sheffield;Royaume-Uni;Viva la Vida
2bdfc0f6;Coldplay;2008;Londres;Royaume-Uni;
53d693a1;Coldplay;2008;Glendale;Etats-Unis;Viva la Vida
43d6937f;Coldplay;2008;Anaheim;Etats-Unis;Viva la Vida
3c5bd63;Coldplay;2008;Los Angeles;Etats-Unis;Viva la Vida
6bd696de;Coldplay;2008;Salt Lake City;Etats-Unis;Viva la Vida
53d697c5;Coldplay;2008;Denver;Etats-Unis;Viva la Vida
6bd69afe;Coldplay;2008;Dallas;Etats-Unis;Viva la Vida
4bd69bd2;Coldplay;2008;Houston;Etats-Unis;Viva la Vida
43d69b57;Coldplay;2008;Oklahoma City;Etats-Unis;Viva la Vida
33d69861;Coldplay;2008;Saint Paul;Etats-Unis;Viva la Vida
5bd69b68;Coldplay;2008;Kansas City;Etats-Unis;Viva la Vida
7bd69ec8;Coldplay;2008;Atlanta;Etats-Unis;Viva la Vida
4bd69fd6;Coldplay;2008;Sunrise;Etats-Unis;Viva la Vida
2bd69cfa;Coldplay;2008;Orlando;Etats-Unis;Viva la Vida
73d6a245;Coldplay;2008;Atlanta;Etats-Unis;Viva la Vida
53d6a341;Coldplay;2008;Auburn Hills;Etats-Unis;Viva la Vida
2bd6a04e;Coldplay;2008;Philadelphia;Etats-Unis;Viva la Vida
1bd6a150;Coldplay;2008;Washington;Etats-Unis;Viva la Vida
5bd6a730;Coldplay;2008;Boston;Etats-Unis;Viva la Vida
13d6a5d1;Coldplay;2008;East Rutherford;Etats-Unis;Viva la Vida
13d6a539;Coldplay;2008;East Rutherford;Etats-Unis;Viva la Vida
2bd6701e;Coldplay;2008;New York;Etats-Unis;
2bd6a45a;Coldplay;2008;New York;Etats-Unis;Viva la Vida
73d6aef1;Coldplay;2008;Cleveland;Etats-Unis;Viva la Vida
53d6af89;Coldplay;2008;Ottawa;Canada;Viva la Vida
bd6a91a;Coldplay;2008;Londres;Royaume-Uni;Viva la Vida
33d6b4dd;Coldplay;2008;Anvers;Belgique;Viva la Vida
2bd6b48e;Coldplay;2008;Rotterdam;Pays-Bas;Viva la Vida
3d6b5d7;Coldplay;2008;Rotterdam;Pays-Bas;Viva la Vida
23d6b8cf;Coldplay;2008;Assago;Italie;Viva la Vida
23d6b867;Coldplay;2008;Casalecchio di Reno;Italie;Viva la Vida
13d6b9bd;Coldplay;2008;Zurich;Suisse;Viva la Vida
7bd6be54;Coldplay;2008;Munich;Allemagne;Viva la Vida
23d6bc0f;Coldplay;2008;Vienne;Autriche;Viva la Vida
2bd6bcca;Coldplay;2008;Budapest;Hongrie;Viva la Vida
bd6bd66;Coldplay;2008;Prague;République Tchèque;Viva la Vida
1bd6bd64;Coldplay;2008;Oslo;Norvège;Viva la Vida
1bd6bd58;Coldplay;2008;Stockholm;Suède;Viva la Vida
13d6a919;Coldplay;2008;Stockholm;Suède;Viva la Vida
3d6bd5f;Coldplay;2008;Berlin;Allemagne;Viva la Vida
bd6bd5e;Coldplay;2008;Hambourg;Allemagne;Viva la Vida
1bd6bd60;Coldplay;2008;Cologne;Allemagne;Viva la Vida
13d6bd5d;Coldplay;2008;Lutece;France;Viva la Vida
1bd6c518;Coldplay;2008;Lutece;France;Viva la Vida
1bd6bd5c;Coldplay;2008;Madrid;Espagne;Viva la Vida
3d6bd53;Coldplay;2008;Barcelone;Espagne;Viva la Vida
bd6bd52;Coldplay;2008;Lyon;France;Viva la Vida
13d6bd51;Coldplay;2008;Mannheim;Allemagne;Viva la Vida
4bd6e306;Coldplay;2008;Eckbolsheim;France;Viva la Vida
3d6a91f;Coldplay;2008;Londres;Royaume-Uni;Viva la Vida
bd6a91e;Coldplay;2008;Chiba;Japon;Viva la Vida
3d6bd57;Coldplay;2008;Osaka;Japon;Viva la Vida
bd6bd56;Coldplay;2008;Boston;Etats-Unis;Viva la Vida
13d6bd55;Coldplay;2008;Washington;Etats-Unis;Viva la Vida
3d6bd4b;Coldplay;2008;Hartford;Etats-Unis;Viva la Vida
1bd0c9f0;Coldplay;2008;Toronto;Canada;
7bdd06d0;Coldplay;2008;Toronto;Canada;Viva la Vida
13d6bd49;Coldplay;2008;Toronto;Canada;Viva la Vida
33d61409;Coldplay;2008;Montréal;Canada;Viva la Vida
73d6cab1;Coldplay;2008;Pemberton;Canada;Viva la Vida
3d6bd4f;Coldplay;2008;Philadelphia;Etats-Unis;Viva la Vida
bd6bd4e;Coldplay;2008;Chicago;Etats-Unis;Viva la Vida
3bd330b0;Coldplay;2008;Chicago;Etats-Unis;Viva la Vida
13d6bd4d;Coldplay;2008;Las Vegas;Etats-Unis;Viva la Vida
1bd6bd4c;Coldplay;2008;San José;Etats-Unis;Viva la Vida
23d6505f;Coldplay;2008;Burbank;Etats-Unis;
4bda13ca;Coldplay;2008;Los Angeles;Etats-Unis;Viva la Vida
3d6bd43;Coldplay;2008;Inglewood;Etats-Unis;Viva la Vida
33d6a459;Coldplay;2008;Inglewood;Etats-Unis;Viva la Vida
1bd8d128;Coldplay;2008;Saint Paul;Etats-Unis;Viva la Vida
3f64dc3;Coldplay;2008;Philadelphia;Etats-Unis;Viva la Vida
6bd152b6;Coldplay;2008;New York;Etats-Unis;Viva la Vida
53e23b61;Coldplay;2008;New York;Etats-Unis;Viva la Vida
bd6bd42;Coldplay;2008;New York;Etats-Unis;Viva la Vida
3dfb1af;Coldplay;2008;Lutece;France;Viva la Vida
2bdebc42;Coldplay;2008;Londres;Royaume-Uni;Viva la Vida
2bd1b85e;Coldplay;2008;Barcelone;Espagne;Viva la Vida
13d68105;Coldplay;2008;Londres;Royaume-Uni;Viva la Vida
13dfb1c9;Coldplay;2008;Londres;Royaume-Uni;Viva la Vida
5bda0fc0;Coldplay;2008;Londres;Royaume-Uni;
53d6f3a1;Coldplay;2008;Amsterdam;Pays-Bas;Viva la Vida
4bd0ab1e;Coldplay;2008;Los Angeles;Etats-Unis;
5bdab7c0;Coldplay;2008;Universal City;Etats-Unis;
13c915fd;Coldplay;2007;Londres;Royaume-Uni;
3d68107;Coldplay;2007;Mexico;Mexique;Twisted Logic
4bd65bea;Coldplay;2007;Mexico;Mexique;Twisted Logic
43d65beb;Coldplay;2007;São Paulo;Brésil;Twisted Logic
5bd65bf4;Coldplay;2007;São Paulo;Brésil;Twisted Logic
53d65bf5;Coldplay;2007;São Paulo;Brésil;Twisted Logic
3bd184fc;Coldplay;2007;Buenos Aires;Argentine;Twisted Logic
43d65bf7;Coldplay;2007;Buenos Aires;Argentine;Twisted Logic
5bd65bf0;Coldplay;2007;Buenos Aires;Argentine;Twisted Logic
13d68101;Coldplay;2007;Santiago du Chili;Chili;Twisted Logic
53d65bf1;Coldplay;2007;Santiago du Chili;Chili;Twisted Logic
4bd65bf2;Coldplay;2007;Santiago du Chili;Chili;Twisted Logic
4bd65b02;Coldplay;2006;Tokyo;Japon;Twisted Logic
43d65b03;Coldplay;2006;Tokyo;Japon;Twisted Logic
43d65b0f;Coldplay;2006;Nagoya;Japon;Twisted Logic
53d65b01;Coldplay;2006;Osaka;Japon;Twisted Logic
5bd65b08;Coldplay;2006;Chek Lap Kok;Hong-Kong;Twisted Logic
5bd65b0c;Coldplay;2006;Singapour;Singapour;Twisted Logic
43d1934b;Coldplay;2006;Singapour;Singapour;
53d65b09;Coldplay;2006;Perth;Australie;Twisted Logic
4bd65b0a;Coldplay;2006;Adélaïde;Australie;Twisted Logic
43d65b0b;Coldplay;2006;Melbourne;Australie;Twisted Logic
5bd65b14;Coldplay;2006;Melbourne;Australie;Twisted Logic
53d65b0d;Coldplay;2006;Melbourne;Australie;Twisted Logic
53d65b15;Coldplay;2006;Sydney;Australie;Twisted Logic
4bd65b16;Coldplay;2006;Sydney;Australie;Twisted Logic
43d65b17;Coldplay;2006;Sydney;Australie;Twisted Logic
5bd65b10;Coldplay;2006;Brisbane;Australie;Twisted Logic
bd6a5e2;Coldplay;2006;Brisbane;Australie;Twisted Logic
4bd65b12;Coldplay;2006;Newport;Royaume-Uni;Twisted Logic
5bd693a4;Coldplay;2006;Philadelphia;Etats-Unis;Twisted Logic
43d65b13;Coldplay;2006;Uncasville;Etats-Unis;Twisted Logic
5bd65b1c;Coldplay;2006;Manchester;Etats-Unis;Twisted Logic
23ddb863;Coldplay;2006;Halifax;Canada;Twisted Logic
53d65b1d;Coldplay;2006;Chicago;Etats-Unis;Twisted Logic
4bd65b1e;Coldplay;2006;Chicago;Etats-Unis;Twisted Logic
43d65b1f;Coldplay;2006;Uniondale;Etats-Unis;Twisted Logic
13d6fdfd;Coldplay;2006;Uniondale;Etats-Unis;Twisted Logic
53d65b19;Coldplay;2006;East Rutherford;Etats-Unis;Twisted Logic
4bd65b1a;Coldplay;2006;Toronto;Canada;Twisted Logic
43d65b1b;Coldplay;2006;Toronto;Canada;Twisted Logic
5bd65b24;Coldplay;2006;Cleveland;Etats-Unis;Twisted Logic
53d65b25;Coldplay;2006;Milwaukee;Etats-Unis;Twisted Logic
7bd6121c;Coldplay;2006;Ottawa;Canada;Twisted Logic
4bd65b26;Coldplay;2006;Tampa;Etats-Unis;Twisted Logic
43d65b27;Coldplay;2006;Orlando;Etats-Unis;Twisted Logic
53d65b21;Coldplay;2006;Washington;Etats-Unis;Twisted Logic
4bd65b22;Coldplay;2006;Oklahoma City;Etats-Unis;Twisted Logic
43d65b23;Coldplay;2006;Dallas;Etats-Unis;Twisted Logic
5bd65b2c;Coldplay;2006;Houston;Etats-Unis;Twisted Logic
53d65b2d;Coldplay;2006;Louisville;Etats-Unis;Twisted Logic
4bd65b2e;Coldplay;2006;Auburn Hills;Etats-Unis;Twisted Logic
43d65b2f;Coldplay;2006;Omaha;Etats-Unis;Twisted Logic
4bd65b2a;Coldplay;2006;Denver;Etats-Unis;Twisted Logic
43c1ef0f;Coldplay;2006;Londres;Royaume-Uni;Twisted Logic
43d65b2b;Coldplay;2006;Londres;Royaume-Uni;Twisted Logic
53de9be5;Coldplay;2006;Los Angeles;Etats-Unis;Twisted Logic
5bd65b34;Coldplay;2006;Anaheim;Etats-Unis;Twisted Logic
53d65b35;Coldplay;2006;Anaheim;Etats-Unis;Twisted Logic
43d65b37;Coldplay;2006;Inglewood;Etats-Unis;Twisted Logic
5bd65b30;Coldplay;2006;Las Vegas;Etats-Unis;Twisted Logic
53d65b31;Coldplay;2006;San José;Etats-Unis;Twisted Logic
4bd65b32;Coldplay;2006;Oakland;Etats-Unis;Twisted Logic
43d65b33;Coldplay;2006;Sacramento;Etats-Unis;Twisted Logic
53d67b9d;Coldplay;2006;Vancouver;Canada;Twisted Logic
5bd61bdc;Coldplay;2006;Vancouver;Canada;Twisted Logic
4bd65b3e;Coldplay;2006;Seattle;Etats-Unis;Twisted Logic
5bd65b38;Coldplay;2005;Belfast;Royaume-Uni;Twisted Logic
1bd6c974;Coldplay;2005;Manchester;Royaume-Uni;Twisted Logic
53d65b39;Coldplay;2005;Newcastle-upon-Tyne;Royaume-Uni;Twisted Logic
2bd600aa;Coldplay;2005;Londres;Royaume-Uni;Twisted Logic
4bd65b3a;Coldplay;2005;Londres;Royaume-Uni;Twisted Logic
43d65b3b;Coldplay;2005;Londres;Royaume-Uni;Twisted Logic
5bde5368;Coldplay;2005;Universal City;Etats-Unis;Twisted Logic
5bd65b44;Coldplay;2005;Anvers;Belgique;Twisted Logic
4bd65b46;Coldplay;2005;Lutece;France;Twisted Logic
53d65b41;Coldplay;2005;Lyon;France;Twisted Logic
4bd65b42;Coldplay;2005;Saint-Sébastien;Espagne;Twisted Logic
43d65b43;Coldplay;2005;Lisbonne;Portugal;Twisted Logic
3bd61000;Coldplay;2005;Madrid;Espagne;Twisted Logic
53d65b4d;Coldplay;2005;Barcelone;Espagne;Twisted Logic
43d65b4f;Coldplay;2005;Toulouse;France;Twisted Logic
43d65b57;Coldplay;2005;Marseille;France;Twisted Logic
43d3e783;Coldplay;2005;Casalecchio di Reno;Italie;Twisted Logic
5bd65b50;Coldplay;2005;Assago;Italie;Twisted Logic
1be6ed40;Coldplay;2005;Milan;Italie;Twisted Logic
4bd65b52;Coldplay;2005;Zurich;Suisse;Twisted Logic
5bd65b5c;Coldplay;2005;Mannheim;Allemagne;Twisted Logic
4bd65b5e;Coldplay;2005;Leipzig;Allemagne;Twisted Logic
43d65b5f;Coldplay;2005;Stockholm;Suède;Twisted Logic
33dd9095;Coldplay;2005;Lisbonne;Portugal;Twisted Logic
73d6a231;Coldplay;2005;Oslo;Norvège;Twisted Logic
1bd6810c;Coldplay;2005;Copenhague;Danemark;Twisted Logic
5bd65b64;Coldplay;2005;Oberhausen;Allemagne;Twisted Logic
4bd65b66;Coldplay;2005;Anvers;Belgique;Twisted Logic
43d65b67;Coldplay;2005;Bristow;Etats-Unis;Twisted Logic
43d65b63;Coldplay;2005;Virginia Beach;Etats-Unis;Twisted Logic
53d65b6d;Coldplay;2005;Atlanta;Etats-Unis;Twisted Logic
43d65b6f;Coldplay;2005;Austin;Etats-Unis;Twisted Logic
5bd65b68;Coldplay;2005;Dallas;Etats-Unis;Twisted Logic
43d65b6b;Coldplay;2005;Bonner Springs;Etats-Unis;Twisted Logic
5bd65b74;Coldplay;2005;Minneapolis;Etats-Unis;Twisted Logic
4bd65b76;Coldplay;2005;Antioch;Etats-Unis;Twisted Logic
43d65b77;Coldplay;2005;Maryland Heights;Etats-Unis;Twisted Logic
6bf92eb6;Coldplay;2005;Pelham;Etats-Unis;Twisted Logic
43f87beb;Coldplay;2005;Tampa;Etats-Unis;Twisted Logic
5bd65b70;Coldplay;2005;West Palm Beach;Etats-Unis;Twisted Logic
53d65b71;Coldplay;2005;Raleigh;Etats-Unis;Twisted Logic
4bd65b72;Coldplay;2005;Charlotte;Etats-Unis;Twisted Logic
43d65b73;Coldplay;2005;New York;Etats-Unis;Twisted Logic
53d65b7d;Coldplay;2005;New York;Etats-Unis;Twisted Logic
43d65b7f;Coldplay;2005;Holmdel;Etats-Unis;Twisted Logic
5bd65b78;Coldplay;2005;Darien Center;Etats-Unis;Twisted Logic
53d65b79;Coldplay;2005;Columbus;Etats-Unis;Twisted Logic
4bd65b7a;Coldplay;2005;Clarkston;Etats-Unis;Twisted Logic
3cec167;Coldplay;2005;Miami;Etats-Unis;Twisted Logic
43d65b7b;Coldplay;2005;Chula Vista;Etats-Unis;Twisted Logic
33d65885;Coldplay;2005;Phoenix;Etats-Unis;Twisted Logic
2bd65886;Coldplay;2005;Albuquerque;Etats-Unis;Twisted Logic
23d65887;Coldplay;2005;Irvine;Etats-Unis;Twisted Logic
3bd65880;Coldplay;2005;Irvine;Etats-Unis;Twisted Logic
33d65881;Coldplay;2005;Mountain View;Etats-Unis;Twisted Logic
2bd65882;Coldplay;2005;Ridgefield;Etats-Unis;Twisted Logic
3bd6588c;Coldplay;2005;Auburn;Etats-Unis;Twisted Logic
33d6588d;Coldplay;2005;East Troy;Etats-Unis;Twisted Logic
2bd6588e;Coldplay;2005;Noblesville;Etats-Unis;Twisted Logic
23d6588f;Coldplay;2005;Burgettstown;Etats-Unis;Twisted Logic
3bd65888;Coldplay;2005;Cincinnati;Etats-Unis;Twisted Logic
1bd1d518;Coldplay;2005;Camden;Etats-Unis;Twisted Logic
33d65889;Coldplay;2005;Mansfield;Etats-Unis;Twisted Logic
23d6588b;Coldplay;2005;Hartford;Etats-Unis;Twisted Logic
3bd65894;Coldplay;2005;Montréal;Canada;Twisted Logic
33d65895;Coldplay;2005;Toronto;Canada;Twisted Logic
2bd65896;Coldplay;2005;Yuzawa;Japon;Twisted Logic
23dd64db;Coldplay;2005;Bonner Springs;Etats-Unis;Twisted Logic
33d65891;Coldplay;2005;Six-Fours-les-Plages;France;Twisted Logic
2bd65892;Coldplay;2005;Locarno;Suisse;Twisted Logic
23d65893;Coldplay;2005;Vérone;Italie;Twisted Logic
3bd6589c;Coldplay;2005;Sankt Pölten;Autriche;Twisted Logic
33d6589d;Coldplay;2005;Munich;Allemagne;Twisted Logic
43d6a7cf;Coldplay;2005;Arnhem;Pays-Bas;Twisted Logic
7bd6a230;Coldplay;2005;Bolton;Royaume-Uni;Twisted Logic
23d6589f;Coldplay;2005;Bolton;Royaume-Uni;Twisted Logic
3bd65898;Coldplay;2005;Glasgow;Royaume-Uni;Twisted Logic
3bd65890;Coldplay;2005;Londres;Royaume-Uni;Twisted Logic
33d65899;Coldplay;2005;Glasgow;Royaume-Uni;Twisted Logic
23d6589b;Coldplay;2005;Londres;Royaume-Uni;Twisted Logic
53d66719;Coldplay;2005;Londres;Royaume-Uni;Twisted Logic
33d658a1;Coldplay;2005;Pilton;Royaume-Uni;Twisted Logic
2bd658a2;Coldplay;2005;Dublin;Irlande;Twisted Logic
23d658a3;Coldplay;2005;Berlin;Allemagne;Twisted Logic
3bd658ac;Coldplay;2005;Cologne;Allemagne;Twisted Logic
7bd62298;Coldplay;2005;Hambourg;Allemagne;Twisted Logic
2bd658ae;Coldplay;2005;Lutece;France;Twisted Logic
43d10327;Coldplay;2005;Londres;Royaume-Uni;Twisted Logic
63d67207;Coldplay;2005;New York;Etats-Unis;
43ff539b;Coldplay;2005;New York;Etats-Unis;Twisted Logic
23d658af;Coldplay;2005;New York;Etats-Unis;Twisted Logic
3bd658a8;Coldplay;2005;Brooklyn;Etats-Unis;
33d658a9;Coldplay;2005;Baltimore;Etats-Unis;Twisted Logic
2bd658aa;Coldplay;2005;Boston;Etats-Unis;Twisted Logic
23d658ab;Coldplay;2005;Toronto;Canada;Twisted Logic
bd0c9ca;Coldplay;2005;Toronto;Canada;
3bd658b4;Coldplay;2005;Chicago;Etats-Unis;Twisted Logic
33d658b5;Coldplay;2005;San Francisco;Etats-Unis;Twisted Logic
2bd658b6;Coldplay;2005;Indio;Etats-Unis;Twisted Logic
3bd658b0;Coldplay;2005;Las Vegas;Etats-Unis;Twisted Logic
4bdedf72;Coldplay;2005;Londres;Royaume-Uni;X&Y Secret Promo Gigs
2bd658b2;Coldplay;2005;Londres;Royaume-Uni;X&Y Secret Promo Gigs
33d658bd;Coldplay;2005;Londres;Royaume-Uni;
2bd658c2;Coldplay;2005;Madrid;Espagne;X&Y Secret Promo Gigs
1bd68108;Coldplay;2005;Cologne;Allemagne;X&Y Secret Promo Gigs
3bd658c0;Coldplay;2005;Amsterdam;Pays-Bas;X&Y Secret Promo Gigs
2bd658ba;Coldplay;2005;Universal City;Etats-Unis;X&Y Secret Promo Gigs
3bd658c4;Coldplay;2005;West Hollywood;Etats-Unis;X&Y Secret Promo Gigs
2bd658c6;Coldplay;2005;Londres;Royaume-Uni;X&Y Secret Promo Gigs
3bd658dc;Coldplay;2003;Mexico;Mexique;A Rush of Blood to the Head
33d658dd;Coldplay;2003;Mexico;Mexique;A Rush of Blood to the Head
23d658df;Coldplay;2003;Rio de Janeiro;Brésil;A Rush of Blood to the Head
33d67c09;Coldplay;2003;São Paulo;Brésil;A Rush of Blood to the Head
3bd658d8;Coldplay;2003;New York;Etats-Unis;
2bd658da;Coldplay;2003;New York;Etats-Unis;
23d658db;Coldplay;2003;Stafford;Royaume-Uni;A Rush of Blood to the Head
3bd658e4;Coldplay;2003;Chelmsford;Royaume-Uni;A Rush of Blood to the Head
3bdfb4e8;Coldplay;2003;Bangkok;Thaïlande;A Rush of Blood to the Head
33d658e5;Coldplay;2003;Yuzawa;Japon;A Rush of Blood to the Head
3bd658e0;Coldplay;2003;Auckland;Nouvelle-Zélande;A Rush of Blood to the Head
33d658e1;Coldplay;2003;Auckland;Nouvelle-Zélande;A Rush of Blood to the Head
2bd658e6;Coldplay;2003;Melbourne;Australie;A Rush of Blood to the Head
23d658e3;Coldplay;2003;Sydney;Australie;A Rush of Blood to the Head
3bd658ec;Coldplay;2003;Sydney;Australie;A Rush of Blood to the Head
2bd658ee;Coldplay;2003;Byron Bay;Australie;A Rush of Blood to the Head
3bd658e8;Coldplay;2003;Melbourne;Australie;A Rush of Blood to the Head
3bd658f4;Coldplay;2003;Sydney;Australie;A Rush of Blood to the Head
2bd658ea;Coldplay;2003;Kinross;Royaume-Uni;A Rush of Blood to the Head
7bd2ca94;Coldplay;2003;An Nás;Irlande;A Rush of Blood to the Head
33d658f5;Coldplay;2003;Kristiansand;Norvège;A Rush of Blood to the Head
73d68e95;Coldplay;2003;Nimègue;Pays-Bas;A Rush of Blood to the Head
2bd6582e;Coldplay;2003;Werchter;Belgique;A Rush of Blood to the Head
23d6582f;Coldplay;2003;Roskilde;Danemark;A Rush of Blood to the Head
73f6228d;Coldplay;2003;Fano;Italie;A Rush of Blood to the Head
3bd65828;Coldplay;2003;Rome;Italie;A Rush of Blood to the Head
33d65829;Coldplay;2003;Neuhausen ob Eck;Allemagne;A Rush of Blood to the Head
2bd6582a;Coldplay;2003;Scheeßel;Allemagne;A Rush of Blood to the Head
13d659b9;Coldplay;2003;New York;Etats-Unis;A Rush of Blood to the Head
23d6582b;Coldplay;2003;New York;Etats-Unis;A Rush of Blood to the Head
3bd65834;Coldplay;2003;Toronto;Canada;A Rush of Blood to the Head
33d65835;Coldplay;2003;Cleveland;Etats-Unis;A Rush of Blood to the Head
3d60923;Coldplay;2003;Chicago;Etats-Unis;A Rush of Blood to the Head
2bd65836;Coldplay;2003;Morrison;Etats-Unis;A Rush of Blood to the Head
23d65837;Coldplay;2003;Morrison;Etats-Unis;A Rush of Blood to the Head
33d65831;Coldplay;2003;West Hollywood;Etats-Unis;A Rush of Blood to the Head
3bd65830;Coldplay;2003;San Diego;Etats-Unis;A Rush of Blood to the Head
23d65833;Coldplay;2003;Hollywood;Etats-Unis;A Rush of Blood to the Head
3bd6583c;Coldplay;2003;Hollywood;Etats-Unis;A Rush of Blood to the Head
2bd6583e;Coldplay;2003;Mountain View;Etats-Unis;A Rush of Blood to the Head
23d6583f;Coldplay;2003;Wheatland;Etats-Unis;A Rush of Blood to the Head
3bd65838;Coldplay;2003;Boise;Etats-Unis;A Rush of Blood to the Head
2bd6583a;Coldplay;2003;Bend;Etats-Unis;A Rush of Blood to the Head
23d6583b;Coldplay;2003;George;Etats-Unis;A Rush of Blood to the Head
2bd65846;Coldplay;2003;Vancouver;Canada;A Rush of Blood to the Head
3bd65840;Coldplay;2003;Calgary;Canada;A Rush of Blood to the Head
2bd6584e;Coldplay;2003;Edmonton;Canada;A Rush of Blood to the Head
3bca24c0;Coldplay;2003;Palo Alto;Etats-Unis;A Rush of Blood to the Head
23d6584f;Coldplay;2003;Londres;Royaume-Uni;A Rush of Blood to the Head
33d65849;Coldplay;2003;Londres;Royaume-Uni;A Rush of Blood to the Head
2bd6584a;Coldplay;2003;Manchester;Royaume-Uni;A Rush of Blood to the Head
3bd65854;Coldplay;2003;Barcelone;Espagne;A Rush of Blood to the Head
2bd65856;Coldplay;2003;Madrid;Espagne;A Rush of Blood to the Head
23d65857;Coldplay;2003;Lisbonne;Portugal;A Rush of Blood to the Head
3bd65850;Coldplay;2003;Zurich;Suisse;A Rush of Blood to the Head
33d65851;Coldplay;2003;Böblingen;Allemagne;A Rush of Blood to the Head
2bd65842;Coldplay;2003;Londres;Royaume-Uni;
2bd65852;Coldplay;2003;Düsseldorf;Allemagne;A Rush of Blood to the Head
23d65853;Coldplay;2003;Münster;Allemagne;A Rush of Blood to the Head
3bd6584c;Coldplay;2003;Berlin;Allemagne;
33d6585d;Coldplay;2003;Francfort-sur-le-Main;Allemagne;A Rush of Blood to the Head
2bd6585a;Coldplay;2003;Lutece;France;A Rush of Blood to the Head
6bf2a61e;Coldplay;2003;Strasbourg;France;A Rush of Blood to the Head
23d6585b;Coldplay;2003;Lille;France;A Rush of Blood to the Head
2bd6585e;Coldplay;2003;Londres;Royaume-Uni;
23d6585f;Coldplay;2003;Londres;Royaume-Uni;
3bd65864;Coldplay;2003;Londres;Royaume-Uni;A Rush of Blood to the Head
3bd65858;Coldplay;2003;Londres;Royaume-Uni;
33d65859;Coldplay;2003;Londres;Royaume-Uni;
33d65865;Coldplay;2003;Minneapolis;Etats-Unis;A Rush of Blood to the Head
2bd65866;Coldplay;2003;Milwaukee;Etats-Unis;A Rush of Blood to the Head
23d65867;Coldplay;2003;Louisville;Etats-Unis;A Rush of Blood to the Head
33d65861;Coldplay;2003;Columbus;Etats-Unis;A Rush of Blood to the Head
2bd65862;Coldplay;2003;Nashville;Etats-Unis;A Rush of Blood to the Head
23d65863;Coldplay;2003;Duluth;Etats-Unis;A Rush of Blood to the Head
3ded567;Coldplay;2003;Oxford;Etats-Unis;A Rush of Blood to the Head
33d6586d;Coldplay;2003;Indianapolis;Etats-Unis;A Rush of Blood to the Head
43d3fbd3;Coldplay;2003;Detroit;Etats-Unis;A Rush of Blood to the Head
3bd65868;Coldplay;2003;Pittsburgh;Etats-Unis;A Rush of Blood to the Head
2bd6586a;Coldplay;2003;Camden;Etats-Unis;A Rush of Blood to the Head
23d6586b;Coldplay;2003;Wallingford;Etats-Unis;A Rush of Blood to the Head
33d614f5;Coldplay;2003;Montréal;Canada;A Rush of Blood to the Head
43d63793;Coldplay;2003;Ottawa;Canada;A Rush of Blood to the Head
2bd65876;Coldplay;2003;New York;Etats-Unis;
7bf3da60;Coldplay;2003;New York;Etats-Unis;A Rush of Blood to the Head
23d65877;Coldplay;2003;Londres;Royaume-Uni;
33d65871;Coldplay;2003;Los Angeles;Etats-Unis;A Rush of Blood to the Head
2bd65872;Coldplay;2003;Los Angeles;Etats-Unis;
23d65873;Coldplay;2003;Phoenix;Etats-Unis;A Rush of Blood to the Head
33d6587d;Coldplay;2003;Scottsdale;Etats-Unis;A Rush of Blood to the Head
2bd6587e;Coldplay;2003;Magna;Etats-Unis;A Rush of Blood to the Head
23d6587f;Coldplay;2003;Denver;Etats-Unis;A Rush of Blood to the Head
73d67ae5;Coldplay;2003;Kansas City;Etats-Unis;A Rush of Blood to the Head
33d65879;Coldplay;2003;Saint Louis;Etats-Unis;A Rush of Blood to the Head
2bd6587a;Coldplay;2003;Oklahoma City;Etats-Unis;A Rush of Blood to the Head
1bd65984;Coldplay;2003;Grand Prairie;Etats-Unis;A Rush of Blood to the Head
13d65985;Coldplay;2003;Austin;Etats-Unis;A Rush of Blood to the Head
3d65987;Coldplay;2003;Houston;Etats-Unis;A Rush of Blood to the Head
6bd67ae6;Coldplay;2003;La Nouvelle-Orléans;Etats-Unis;A Rush of Blood to the Head
13d65981;Coldplay;2003;Los Angeles;Etats-Unis;
63d67ae7;Coldplay;2003;Charlotte;Etats-Unis;A Rush of Blood to the Head
13d6598d;Coldplay;2003;Birmingham;Etats-Unis;A Rush of Blood to the Head
3d6598f;Coldplay;2003;Coral Gables;Etats-Unis;A Rush of Blood to the Head
73d67ae1;Coldplay;2003;Orlando;Etats-Unis;A Rush of Blood to the Head
3f7f5c7;Coldplay;2002;Reykjavík;Islande;A Rush of Blood to the Head
13d65949;Coldplay;2002;New York;Etats-Unis;A Rush of Blood to the Head
3d6594b;Coldplay;2002;Philadelphia;Etats-Unis;A Rush of Blood to the Head
13d65955;Coldplay;2002;Washington;Etats-Unis;A Rush of Blood to the Head
bd65956;Coldplay;2002;Uniondale;Etats-Unis;A Rush of Blood to the Head
1bd6fd00;Coldplay;2002;Boston;Etats-Unis;A Rush of Blood to the Head
3d65957;Coldplay;2002;San Francisco;Etats-Unis;A Rush of Blood to the Head
13d65951;Coldplay;2002;Universal City;Etats-Unis;A Rush of Blood to the Head
3d65953;Coldplay;2002;Tokyo;Japon;A Rush of Blood to the Head
13d6595d;Coldplay;2002;Tokyo;Japon;
bd65952;Coldplay;2002;Londres;Royaume-Uni;
bd6595e;Coldplay;2002;Oslo;Norvège;A Rush of Blood to the Head
3d6595f;Coldplay;2002;Stockholm;Suède;A Rush of Blood to the Head
13d65965;Coldplay;2002;Copenhague;Danemark;A Rush of Blood to the Head
bd65966;Coldplay;2002;Berlin;Allemagne;A Rush of Blood to the Head
3d65967;Coldplay;2002;Assago;Italie;A Rush of Blood to the Head
1bd65960;Coldplay;2002;Barcelone;Espagne;A Rush of Blood to the Head
13d65961;Coldplay;2002;Madrid;Espagne;A Rush of Blood to the Head
1bd65958;Coldplay;2002;Barcelone;Espagne;
3d65963;Coldplay;2002;Montpellier;France;A Rush of Blood to the Head
53d73335;Coldplay;2002;Munich;Allemagne;A Rush of Blood to the Head
13d6596d;Coldplay;2002;Cologne;Allemagne;A Rush of Blood to the Head
3d6596f;Coldplay;2002;Lutece;France;A Rush of Blood to the Head
13d65969;Coldplay;2002;Rotterdam;Pays-Bas;A Rush of Blood to the Head
3d6596b;Coldplay;2002;Bruxelles;Belgique;A Rush of Blood to the Head
bd6595a;Coldplay;2002;Londres;Royaume-Uni;A Rush of Blood to the Head
53dacbdd;Coldplay;2002;Dublin;Irlande;A Rush of Blood to the Head
53d77379;Coldplay;2002;Dublin;Irlande;A Rush of Blood to the Head
1bd65974;Coldplay;2002;Belfast;Royaume-Uni;A Rush of Blood to the Head
bd65976;Coldplay;2002;Londres;Royaume-Uni;A Rush of Blood to the Head
3d65977;Coldplay;2002;Londres;Royaume-Uni;A Rush of Blood to the Head
6bf2a622;Coldplay;2002;Port Talbot;Royaume-Uni;A Rush of Blood to the Head
73f6e2f9;Coldplay;2002;Plymouth;Royaume-Uni;A Rush of Blood to the Head
63f2a623;Coldplay;2002;Bournemouth;Royaume-Uni;A Rush of Blood to the Head
1bd65970;Coldplay;2002;Brighton;Royaume-Uni;A Rush of Blood to the Head
13d65971;Coldplay;2002;Manchester;Royaume-Uni;A Rush of Blood to the Head
6bdf6e4a;Coldplay;2002;Manchester;Royaume-Uni;A Rush of Blood to the Head
3d1794f;Coldplay;2002;Nottingham;Royaume-Uni;A Rush of Blood to the Head
3d65973;Coldplay;2002;Birmingham;Royaume-Uni;A Rush of Blood to the Head
1bd6597c;Coldplay;2002;Newcastle-upon-Tyne;Royaume-Uni;A Rush of Blood to the Head
13d6597d;Coldplay;2002;Glasgow;Royaume-Uni;A Rush of Blood to the Head
bd6597e;Coldplay;2002;Chicago;Etats-Unis;A Rush of Blood to the Head
1bd65964;Coldplay;2002;Toronto;Canada;A Rush of Blood to the Head
1bd65978;Coldplay;2002;Toronto;Canada;A Rush of Blood to the Head
6bd3da86;Coldplay;2002;Chicago;Etats-Unis;
13d65979;Coldplay;2002;Wantagh;Etats-Unis;A Rush of Blood to the Head
3d6597b;Coldplay;2002;Boston;Etats-Unis;A Rush of Blood to the Head
73d65e85;Coldplay;2002;Baltimore;Etats-Unis;A Rush of Blood to the Head
7bd65e80;Coldplay;2002;Atlanta;Etats-Unis;A Rush of Blood to the Head
73d65e81;Coldplay;2002;Burbank;Etats-Unis;
63d65e83;Coldplay;2002;Los Angeles;Etats-Unis;A Rush of Blood to the Head
73d65e8d;Coldplay;2002;San Diego;Etats-Unis;A Rush of Blood to the Head
23d5b423;Coldplay;2002;Las Vegas;Etats-Unis;A Rush of Blood to the Head
63d65e8f;Coldplay;2002;Berkeley;Etats-Unis;A Rush of Blood to the Head
7bd65e88;Coldplay;2002;Seattle;Etats-Unis;A Rush of Blood to the Head
73f2a629;Coldplay;2002;Berkeley;Etats-Unis;A Rush of Blood to the Head
73d65e95;Coldplay;2002;Londres;Royaume-Uni;
63d65e97;Coldplay;2002;Londres;Royaume-Uni;
73d65e91;Coldplay;2002;Londres;Royaume-Uni;A Rush of Blood to the Head
63d65e93;Coldplay;2002;Lutece;France;A Rush of Blood to the Head
73d65e9d;Coldplay;2002;Los Angeles;Etats-Unis;A Rush of Blood to the Head
7bd65e98;Coldplay;2002;Santa Monica;Etats-Unis;A Rush of Blood to the Head
6bd65e9e;Coldplay;2002;San Francisco;Etats-Unis;A Rush of Blood to the Head
73d65e99;Coldplay;2002;Boulder;Etats-Unis;
63d65e9b;Coldplay;2002;Minneapolis;Etats-Unis;A Rush of Blood to the Head
7bd65ea4;Coldplay;2002;New York;Etats-Unis;A Rush of Blood to the Head
6bd65ea6;Coldplay;2002;Washington;Etats-Unis;A Rush of Blood to the Head
63d65ea7;Coldplay;2002;Philadelphia;Etats-Unis;A Rush of Blood to the Head
63d65eab;Coldplay;2002;Boston;Etats-Unis;A Rush of Blood to the Head
73d65ea1;Coldplay;2002;Boston;Etats-Unis;A Rush of Blood to the Head
63d65ea3;Coldplay;2002;Montréal;Canada;A Rush of Blood to the Head
73d65ead;Coldplay;2002;Chicago;Etats-Unis;A Rush of Blood to the Head
63d65eaf;Coldplay;2002;Londres;Royaume-Uni;A Rush of Blood to the Head
3bde48bc;Coldplay;2002;Londres;Royaume-Uni;
7bd65ea8;Coldplay;2002;Londres;Royaume-Uni;
6bd65eaa;Coldplay;2002;Londres;Royaume-Uni;
6bd65eb6;Coldplay;2002;Oslo;Norvège;A Rush of Blood to the Head
73d65eb5;Coldplay;2002;Cologne;Allemagne;A Rush of Blood to the Head
63d65eb7;Coldplay;2002;Hambourg;Allemagne;A Rush of Blood to the Head
7bd65eb0;Coldplay;2002;Rome;Italie;A Rush of Blood to the Head
73d65eb1;Coldplay;2002;Amsterdam;Pays-Bas;A Rush of Blood to the Head
6bd65eb2;Coldplay;2002;Ringe;Danemark;A Rush of Blood to the Head
63d65eb3;Coldplay;2002;Stockholm;Suède;A Rush of Blood to the Head
7bd65ebc;Coldplay;2002;Werchter;Belgique;A Rush of Blood to the Head
73d65ebd;Coldplay;2002;Pilton;Royaume-Uni;A Rush of Blood to the Head
13d16d8d;Coldplay;2002;Truro;Royaume-Uni;A Rush of Blood to the Head
3d16d8f;Coldplay;2002;Portsmouth;Royaume-Uni;A Rush of Blood to the Head
1bd16d88;Coldplay;2002;Bath;Royaume-Uni;A Rush of Blood to the Head
6bd65ebe;Coldplay;2002;Londres;Royaume-Uni;A Rush of Blood to the Head
63d65ebf;Coldplay;2002;Liverpool;Royaume-Uni;A Rush of Blood to the Head
7bd65eb8;Coldplay;2002;Édimbourg;Royaume-Uni;A Rush of Blood to the Head
6bd65eba;Coldplay;2001;Santa Monica;Etats-Unis;Parachutes
2bd3b4b2;Coldplay;2001;Universal City;Etats-Unis;Parachutes
2bf7c04a;Coldplay;2001;San Diego;Etats-Unis;Parachutes
7bd65ec4;Coldplay;2001;Seattle;Etats-Unis;Parachutes
73d65ec5;Coldplay;2001;New York;Etats-Unis;Parachutes
6bd65ec6;Coldplay;2001;New York;Etats-Unis;
63d65ec7;Coldplay;2001;New York;Etats-Unis;Parachutes
7bd65ec0;Coldplay;2001;Boston;Etats-Unis;Parachutes
73d65ec1;Coldplay;2001;Fairfax;Etats-Unis;Parachutes
6bd65ec2;Coldplay;2001;Chicago;Etats-Unis;Parachutes
63d65ec3;Coldplay;2001;Providence;Etats-Unis;Parachutes
7bd65ecc;Coldplay;2001;New York;Etats-Unis;Parachutes
6bd65ece;Coldplay;2001;Philadelphia;Etats-Unis;Parachutes
7bd65ec8;Coldplay;2001;Lutece;France;Parachutes
6bd65ed6;Coldplay;2001;Leicester;Royaume-Uni;Parachutes
63d65ed7;Coldplay;2001;Baile Shláine;Irlande;Parachutes
73d65ed1;Coldplay;2001;Reykjavík;Islande;Parachutes
63d65ed3;Coldplay;2001;Stafford;Royaume-Uni;Parachutes
7bd65edc;Coldplay;2001;Chelmsford;Royaume-Uni;Parachutes
73d65edd;Coldplay;2001;Auckland;Nouvelle-Zélande;Parachutes
7bde3ab8;Coldplay;2001;Brisbane;Australie;Parachutes
6bd65ede;Coldplay;2001;Sydney;Australie;Parachutes
63d65edf;Coldplay;2001;Sydney;Australie;Parachutes
73d65ed9;Coldplay;2001;Melbourne;Australie;Parachutes
3bde4c44;Coldplay;2001;Adélaïde;Australie;Parachutes
6bd65eda;Coldplay;2001;Fremantle;Australie;Parachutes
7bd65ee4;Coldplay;2001;Singapour;Singapour;Parachutes
73f2a635;Coldplay;2001;Londres;Royaume-Uni;Parachutes
73d65ee5;Coldplay;2001;Kinross;Royaume-Uni;Parachutes
63d816df;Coldplay;2001;Melbourne;Australie;
4bd3776a;Coldplay;2001;Kristiansand;Norvège;Parachutes
2bd3707e;Coldplay;2001;New York;Etats-Unis;
73d65ee1;Coldplay;2001;New York;Etats-Unis;U.S. Club Tour 2001
6bd65ee6;Coldplay;2001;New York;Etats-Unis;
3de35c7;Coldplay;2001;Los Angeles;Etats-Unis;U.S. Club Tour 2001
5bcfe724;Coldplay;2001;Irvine;Etats-Unis;U.S. Club Tour 2001
63d65ee7;Coldplay;2001;San Francisco;Etats-Unis;U.S. Club Tour 2001
33de4c45;Coldplay;2001;San Francisco;Etats-Unis;
6bd65ee2;Coldplay;2001;Seattle;Etats-Unis;U.S. Club Tour 2001
63d65ee3;Coldplay;2001;Vancouver;Canada;U.S. Club Tour 2001
23de4c47;Coldplay;2001;Portland;Etats-Unis;U.S. Club Tour 2001
3bde4c40;Coldplay;2001;Salt Lake City;Etats-Unis;U.S. Club Tour 2001
2bde4c42;Coldplay;2001;Denver;Etats-Unis;
7bd65eec;Coldplay;2001;Denver;Etats-Unis;U.S. Club Tour 2001
73d65eed;Coldplay;2001;Bee Cave;Etats-Unis;U.S. Club Tour 2001
63d65eef;Coldplay;2001;Dallas;Etats-Unis;U.S. Club Tour 2001
7bd65ee8;Coldplay;2001;Chicago;Etats-Unis;U.S. Club Tour 2001
3bde4c4c;Coldplay;2001;Detroit;Etats-Unis;U.S. Club Tour 2001
73d65ee9;Coldplay;2001;Toronto;Canada;U.S. Club Tour 2001
4bd4b372;Coldplay;2001;Montréal;Canada;U.S. Club Tour 2001
6bd65eea;Coldplay;2001;Philadelphia;Etats-Unis;U.S. Club Tour 2001
6bf2a63e;Coldplay;2001;Philadelphia;Etats-Unis;U.S. Club Tour 2001
63d65eeb;Coldplay;2001;Atlanta;Etats-Unis;U.S. Club Tour 2001
3c7dd2b;Coldplay;2001;Washington;Etats-Unis;U.S. Club Tour 2001
6bd65ef6;Coldplay;2001;Washington;Etats-Unis;U.S. Club Tour 2001
73d65ef9;Coldplay;2001;Foxborough;Etats-Unis;U.S. Club Tour 2001
6bd65efa;Coldplay;2001;Boston;Etats-Unis;U.S. Club Tour 2001
63d65efb;Coldplay;2001;Londres;Royaume-Uni;Parachutes
2bde4c4a;Coldplay;2001;Londres;Royaume-Uni;Parachutes
3bde4c54;Coldplay;2001;Manchester;Royaume-Uni;Parachutes
7bd65e04;Coldplay;2001;Manchester;Royaume-Uni;Parachutes
53d8932d;Coldplay;2001;Édimbourg;Royaume-Uni;Parachutes
6bf2a642;Coldplay;2001;Aberdeen;Royaume-Uni;Parachutes
73f2a64d;Coldplay;2001;Marseille;France;Parachutes
6bf2a64e;Coldplay;2001;Rimini;Italie;Parachutes
7bf2a648;Coldplay;2001;Hambourg;Allemagne;Parachutes
73f2a649;Coldplay;2001;Berlin;Allemagne;
6bf2a64a;Coldplay;2001;Munich;Allemagne;
73d65e05;Coldplay;2001;New York;Etats-Unis;U.S. Club Tour 2001
13d66dc1;Coldplay;2001;New York;Etats-Unis;
7bf2a654;Coldplay;2001;Madrid;Espagne;
73f2a655;Coldplay;2001;Mérignac;France;
6bf2a656;Coldplay;2001;Lutece;France;
63f2a657;Coldplay;2001;Aberdeen;Royaume-Uni;
73f2a651;Coldplay;2001;Londres;Royaume-Uni;
73d106e1;Coldplay;2001;Londres;Royaume-Uni;
7bf2a66c;Coldplay;2001;Ybor City;Etats-Unis;
2bdcd4fe;Coldplay;2001;Chicago;Etats-Unis;
7bf2a668;Coldplay;2001;Boston;Etats-Unis;
6bd65e06;Coldplay;2001;New York;Etats-Unis;
63d65e07;Coldplay;2001;New York;Etats-Unis;
73d65e01;Coldplay;2001;Los Angeles;Etats-Unis;U.S. Club Tour 2001
7bd65e00;Coldplay;2001;Los Angeles;Etats-Unis;U.S. Club Tour 2001
4be60322;Coldplay;2001;Hollywood;Etats-Unis;U.S. Club Tour 2001
2bde4c52;Coldplay;2001;San Francisco;Etats-Unis;U.S. Club Tour 2001
bd13176;Coldplay;2001;Portland;Etats-Unis;U.S. Club Tour 2001
6bd65e02;Coldplay;2001;Seattle;Etats-Unis;U.S. Club Tour 2001
63d65e03;Coldplay;2001;Vancouver;Canada;U.S. Club Tour 2001
7bd65e0c;Coldplay;2001;Perth;Australie;Parachutes
73d65e0d;Coldplay;2001;Adélaïde;Australie;Parachutes
6bd65e0e;Coldplay;2001;Melbourne;Australie;Parachutes
2bde4c5a;Coldplay;2001;Melbourne;Australie;Parachutes
3bde4c64;Coldplay;2001;Melbourne;Australie;Parachutes
63d65e0f;Coldplay;2001;Sydney;Australie;Parachutes
7bd65e08;Coldplay;2001;Sydney;Australie;
73f2a679;Coldplay;2001;Sydney;Australie;Parachutes
73d65e09;Coldplay;2001;Sydney;Australie;Parachutes
33d54479;Coldplay;2001;Gold Coast;Australie;Parachutes
63d45a0f;Coldplay;2001;Auckland;Nouvelle-Zélande;Parachutes
7bd65e14;Coldplay;2000;Londres;Royaume-Uni;
33d3144d;Coldplay;2000;Londres;Royaume-Uni;Parachutes
23d31443;Coldplay;2000;Universal City;Etats-Unis;
63d65e17;Coldplay;2000;Santa Monica;Etats-Unis;Parachutes
23d3144f;Coldplay;2000;Édimbourg;Royaume-Uni;Parachutes
43f2a787;Coldplay;2000;Offenbach;Allemagne;Parachutes
53f2a781;Coldplay;2000;Cologne;Allemagne;Parachutes
5bf2a78c;Coldplay;2000;Munich;Allemagne;Parachutes
53f2a78d;Coldplay;2000;Leipzig;Allemagne;Parachutes
6bd65e12;Coldplay;2000;Berlin;Allemagne;Parachutes
63d65e13;Coldplay;2000;Hambourg;Allemagne;Parachutes
73d65e1d;Coldplay;2000;Copenhague;Danemark;Parachutes
6bd65e1e;Coldplay;2000;Oslo;Norvège;Parachutes
33d31449;Coldplay;2000;Bergen;Norvège;Parachutes
63d65e1f;Coldplay;2000;Stockholm;Suède;Parachutes
13ca25a1;Coldplay;2000;Barcelone;Espagne;Parachutes
7bd65e18;Coldplay;2000;Hilversum;Pays-Bas;
7bd65e24;Coldplay;2000;Lutece;France;Parachutes
6bd65e1a;Coldplay;2000;Saint-Lazare;France;Parachutes
13de4d8d;Coldplay;2000;Lutece;France;
43c96bf7;Coldplay;2000;Lutece;France;
3de4d8f;Coldplay;2000;Toulouse;France;
73d65e25;Coldplay;2000;Toulouse;France;Parachutes
1bde4d88;Coldplay;2000;Nantes;France;
bde4d8a;Coldplay;2000;Nantes;France;Parachutes
3de4d8b;Coldplay;2000;Lutece;France;
7bd65e20;Coldplay;2000;Lutece;France;Parachutes
6bd65e22;Coldplay;2000;Lille;France;Parachutes
63d65e23;Coldplay;2000;Lille;France;Parachutes
73d65e2d;Coldplay;2000;Londres;Royaume-Uni;
63d65e2f;Coldplay;2000;Milan;Italie;
7bd65e28;Coldplay;2000;Milan;Italie;Parachutes
6bd65e2a;Coldplay;2000;Amsterdam;Pays-Bas;Parachutes
7bd65e34;Coldplay;2000;Milan;Italie;Parachutes
2bd31456;Coldplay;2000;Bruxelles;Belgique;Parachutes
6bd65e36;Coldplay;2000;Amsterdam;Pays-Bas;Parachutes
6bd65e32;Coldplay;2000;Cardiff;Royaume-Uni;Parachutes
7bd65e3c;Coldplay;2000;Londres;Royaume-Uni;
73d65e3d;Coldplay;2000;Londres;Royaume-Uni;Parachutes
3bd31450;Coldplay;2000;Londres;Royaume-Uni;Parachutes
33d31451;Coldplay;2000;Londres;Royaume-Uni;Parachutes
23d31453;Coldplay;2000;Portsmouth;Royaume-Uni;Parachutes
3bd3145c;Coldplay;2000;Bristol;Royaume-Uni;Parachutes
13d79575;Coldplay;2000;Wolverhampton;Royaume-Uni;Parachutes
2bd3145e;Coldplay;2000;Leeds;Royaume-Uni;Parachutes
23d3145f;Coldplay;2000;Manchester;Royaume-Uni;Parachutes
3bd31458;Coldplay;2000;Sheffield;Royaume-Uni;Parachutes
33d31459;Coldplay;2000;Newcastle-upon-Tyne;Royaume-Uni;Parachutes
2bd3145a;Coldplay;2000;Édimbourg;Royaume-Uni;Parachutes
7bd65e38;Coldplay;2000;Glasgow;Royaume-Uni;Parachutes
63d65e3f;Coldplay;2000;Dublin;Irlande;Parachutes
3bd31464;Coldplay;2000;Belfast;Royaume-Uni;Parachutes
73d65e39;Coldplay;2000;Londres;Royaume-Uni;Parachutes
7bd28670;Coldplay;2000;Liverpool;Royaume-Uni;Parachutes
bd6517a;Coldplay;2000;Leicester;Royaume-Uni;Parachutes
2bd31466;Coldplay;2000;Oxford;Royaume-Uni;Parachutes
6bd65e3a;Coldplay;2000;Cambridge;Royaume-Uni;Parachutes
63d65e3b;Coldplay;2000;Londres;Royaume-Uni;Parachutes
7bd65e44;Coldplay;2000;Londres;Royaume-Uni;
6bd65e46;Coldplay;2000;Glasgow;Royaume-Uni;Parachutes
63d65e47;Coldplay;2000;Londres;Royaume-Uni;
6bd106e2;Coldplay;2000;Pilton;Royaume-Uni;Parachutes
33d31461;Coldplay;2000;Hasselt;Belgique;Parachutes
7bd65e40;Coldplay;2000;Biddinghuizen;Pays-Bas;Parachutes
73d65e41;Coldplay;2000;Stafford;Royaume-Uni;Parachutes
1bf2c5c0;Coldplay;2000;Chelmsford;Royaume-Uni;Parachutes
63d65e43;Coldplay;2000;Chelmsford;Royaume-Uni;Parachutes
23d6886b;Coldplay;2000;Weeze;Allemagne;Parachutes
73d65e4d;Coldplay;2000;Paredes de Coura;Portugal;Parachutes
6bd65e4e;Coldplay;2000;Fujiyoshida;Japon;
43f2a797;Coldplay;2000;Leicester;Royaume-Uni;Parachutes
7bd65e48;Coldplay;2000;Londres;Royaume-Uni;Parachutes
53d11355;Coldplay;2000;Norwich;Royaume-Uni;Parachutes
3bd31468;Coldplay;2000;Birmingham;Royaume-Uni;Parachutes
73d65e49;Coldplay;2000;Barcelone;Espagne;Parachutes
63d65e4b;Coldplay;2000;Londres;Royaume-Uni;Parachutes
7bd65e54;Coldplay;2000;Misterbianco;Italie;Parachutes
6bd65e56;Coldplay;2000;Villafranca di Verona;Italie;Parachutes
7bd65e50;Coldplay;2000;Lutece;France;Parachutes
6bd65e52;Coldplay;2000;Londres;Royaume-Uni;Parachutes
73d65e5d;Coldplay;2000;Kinross;Royaume-Uni;Parachutes
63d65e5f;Coldplay;2000;Belfort;France;Parachutes
73d65e59;Coldplay;2000;Londres;Royaume-Uni;
63d65e5b;Coldplay;2000;Londres;Royaume-Uni;
73d65e65;Coldplay;2000;Birmingham;Royaume-Uni;Parachutes
6bd65e66;Coldplay;2000;Amsterdam;Pays-Bas;Parachutes
7bd65e60;Coldplay;2000;Hilversum;Pays-Bas;Parachutes
7bd65e6c;Coldplay;2000;Pilton;Royaume-Uni;Parachutes
3bd31474;Coldplay;2000;Cardiff;Royaume-Uni;Parachutes
23d31477;Coldplay;2000;Bristol;Royaume-Uni;Parachutes
2bd31472;Coldplay;2000;Londres;Royaume-Uni;Parachutes
73d65e6d;Coldplay;2000;Manchester;Royaume-Uni;Parachutes
1bd6517c;Coldplay;2000;Leicester;Royaume-Uni;Parachutes
3bd3147c;Coldplay;2000;Exeter;Royaume-Uni;Parachutes
63d65e6f;Coldplay;2000;Southampton;Royaume-Uni;Parachutes
43d31bcb;Coldplay;2000;Oxford;Royaume-Uni;Parachutes
33d31479;Coldplay;2000;Leeds;Royaume-Uni;Parachutes
13d31585;Coldplay;2000;Londres;Royaume-Uni;Parachutes
3d31587;Coldplay;2000;Londres;Royaume-Uni;Parachutes
13d31581;Coldplay;2000;Wolverhampton;Royaume-Uni;Parachutes
63d65e6b;Coldplay;2000;Sheffield;Royaume-Uni;Parachutes
3d31583;Coldplay;2000;Glasgow;Royaume-Uni;Parachutes
13d3158d;Coldplay;2000;Newcastle-upon-Tyne;Royaume-Uni;Parachutes
3d3158f;Coldplay;2000;Liverpool;Royaume-Uni;Parachutes
bd3158a;Coldplay;2000;Portsmouth;Royaume-Uni;Parachutes
3d3158b;Coldplay;2000;Lutece;France;Parachutes
7bd65e74;Coldplay;2000;Harlow;Royaume-Uni;Parachutes
73d65e75;Coldplay;2000;Londres;Royaume-Uni;Parachutes
bd31596;Coldplay;2000;Blackpool;Royaume-Uni;
6bd65e76;Coldplay;2000;Londres;Royaume-Uni;
1bc91514;Coldplay;2000;Londres;Royaume-Uni;Parachutes
1bd31590;Coldplay;2000;Cardiff;Royaume-Uni;Parachutes
bd31592;Coldplay;2000;Londres;Royaume-Uni;Parachutes
13d3159d;Coldplay;2000;Colchester;Royaume-Uni;Parachutes
3d3159f;Coldplay;2000;Northampton;Royaume-Uni;Parachutes
13d31599;Coldplay;2000;Norwich;Royaume-Uni;Parachutes
13d315a5;Coldplay;2000;Southampton;Royaume-Uni;Parachutes
bd315a6;Coldplay;2000;Bedford;Royaume-Uni;Parachutes
bd315a2;Coldplay;2000;Blackwood;Royaume-Uni;Parachutes
3d315a3;Coldplay;2000;Stoke-on-Trent;Royaume-Uni;Parachutes
1bd315ac;Coldplay;2000;Manchester;Royaume-Uni;Parachutes
bd315ae;Coldplay;2000;Middlesbrough;Royaume-Uni;Parachutes
3d315af;Coldplay;2000;Édimbourg;Royaume-Uni;Parachutes
3d315ab;Coldplay;2000;Glasgow;Royaume-Uni;Parachutes
13d315b5;Coldplay;2000;Liverpool;Royaume-Uni;Parachutes
bd315b6;Coldplay;2000;Wolverhampton;Royaume-Uni;Parachutes
1bd315b0;Coldplay;2000;Bristol;Royaume-Uni;Parachutes
13d315b1;Coldplay;2000;Brighton;Royaume-Uni;Parachutes
3d315b3;Coldplay;2000;Exeter;Royaume-Uni;Parachutes
1bd315bc;Coldplay;2000;Royal Tunbridge Wells;Royaume-Uni;Parachutes
13d315bd;Coldplay;2000;Oxford;Royaume-Uni;Parachutes
13d315b9;Coldplay;2000;Leicester;Royaume-Uni;Parachutes
bd315ba;Coldplay;2000;Nottingham;Royaume-Uni;Parachutes
13d315c5;Coldplay;2000;Londres;Royaume-Uni;Parachutes
53c4cb45;Coldplay;2000;Londres;Royaume-Uni;
63d65e77;Coldplay;2000;Londres;Royaume-Uni;Parachutes
bd315c6;Coldplay;2000;Norwich;Royaume-Uni;Parachutes
1bd315c0;Coldplay;2000;Oxford;Royaume-Uni;Parachutes
13d315c1;Coldplay;2000;Bristol;Royaume-Uni;Parachutes
bd315c2;Coldplay;2000;Cardiff;Royaume-Uni;Parachutes
7bd65e70;Coldplay;2000;Londres;Royaume-Uni;
1bd315cc;Coldplay;2000;Sheffield;Royaume-Uni;Parachutes
bd315ce;Coldplay;2000;Manchester;Royaume-Uni;Parachutes
3d315cf;Coldplay;2000;Leicester;Royaume-Uni;Parachutes
13d315c9;Coldplay;2000;Newcastle-upon-Tyne;Royaume-Uni;Parachutes
bd315ca;Coldplay;2000;Leeds;Royaume-Uni;Parachutes
1bd315d4;Coldplay;2000;Glasgow;Royaume-Uni;Parachutes
3c9151f;Coldplay;2000;Londres;Royaume-Uni;
73d65e71;Coldplay;1999;Londres;Royaume-Uni;
33d0e085;Coldplay;1999;Royal Tunbridge Wells;Royaume-Uni;
2bd0e086;Coldplay;1999;Glasgow;Royaume-Uni;
23d0e087;Coldplay;1999;Édimbourg;Royaume-Uni;
63df3617;Coldplay;1999;Dundee;Royaume-Uni;
3bd0e080;Coldplay;1999;Leeds;Royaume-Uni;
33d0e081;Coldplay;1999;Wolverhampton;Royaume-Uni;
2bd0e082;Coldplay;1999;Londres;Royaume-Uni;
23d0e083;Coldplay;1999;Londres;Royaume-Uni;
43d0e37b;Coldplay;1999;Bristol;Royaume-Uni;
3bd0e084;Coldplay;1999;Bedford;Royaume-Uni;
7bd65e7c;Coldplay;1999;Liverpool;Royaume-Uni;
33f2a8f5;Coldplay;1999;Manchester;Royaume-Uni;
3bd0e08c;Coldplay;1999;Leeds;Royaume-Uni;
73d65e7d;Coldplay;1999;Reading;Royaume-Uni;
23f2a8f3;Coldplay;1999;Chester;Royaume-Uni;
6bd106ee;Coldplay;1999;Manchester;Royaume-Uni;
33d0e08d;Coldplay;1999;Pilton;Royaume-Uni;
2bd0e08e;Coldplay;1999;Londres;Royaume-Uni;
33d0e089;Coldplay;1999;Londres;Royaume-Uni;
3bf2a800;Coldplay;1999;Londres;Royaume-Uni;
6bd65e7e;Coldplay;1999;Londres;Royaume-Uni;
73d106e9;Coldplay;1999;Londres;Royaume-Uni;
7bd65e78;Coldplay;1999;Londres;Royaume-Uni;
13fe9d3d;Coldplay;1999;Kentish Town;Royaume-Uni;
6bd65e7a;Coldplay;1999;Londres;Royaume-Uni;
2bd0e08a;Coldplay;1998;Londres;Royaume-Uni;
23d0e08b;Coldplay;1998;Londres;Royaume-Uni;
7bd106f4;Coldplay;1998;Manchester;Royaume-Uni;
5bd65f84;Coldplay;1998;Manchester;Royaume-Uni;
33d0e095;Coldplay;1998;Londres;Royaume-Uni;
2bd0e096;Coldplay;1998;Londres;Royaume-Uni;
53d65f85;Coldplay;1998;Londres;Royaume-Uni;
43d65f87;Coldplay;1998;Londres;Royaume-Uni;
73d106f1;Coldplay;1998;Londres;Royaume-Uni;
5bd65f80;Coldplay;1998;Londres;Royaume-Uni;
1bda4dd4;Coldplay;1997;Londres;Royaume-Uni;
